code,prefectureID,cityID,prefectureName,cityName,Unnamed: 5,class,地方
10006,1,0,北海道,,北海道,都道府県,北海道
11002,1,100,北海道,札幌市,北海道札幌市,市,北海道
12025,1,202,北海道,函館市,北海道函館市,市,北海道
12033,1,203,北海道,小樽市,北海道小樽市,市,北海道
12041,1,204,北海道,旭川市,北海道旭川市,市,北海道
12050,1,205,北海道,室蘭市,北海道室蘭市,市,北海道
12068,1,206,北海道,釧路市,北海道釧路市,市,北海道
12076,1,207,北海道,帯広市,北海道帯広市,市,北海道
12084,1,208,北海道,北見市,北海道北見市,市,北海道
12092,1,209,北海道,夕張市,北海道夕張市,市,北海道
12106,1,210,北海道,岩見沢市,北海道岩見沢市,市,北海道
12114,1,211,北海道,網走市,北海道網走市,市,北海道
12122,1,212,北海道,留萌市,北海道留萌市,市,北海道
12131,1,213,北海道,苫小牧市,北海道苫小牧市,市,北海道
12149,1,214,北海道,稚内市,北海道稚内市,市,北海道
12157,1,215,北海道,美唄市,北海道美唄市,市,北海道
12165,1,216,北海道,芦別市,北海道芦別市,市,北海道
12173,1,217,北海道,江別市,北海道江別市,市,北海道
12181,1,218,北海道,赤平市,北海道赤平市,市,北海道
12190,1,219,北海道,紋別市,北海道紋別市,市,北海道
12203,1,220,北海道,士別市,北海道士別市,市,北海道
12211,1,221,北海道,名寄市,北海道名寄市,市,北海道
12220,1,222,北海道,三笠市,北海道三笠市,市,北海道
12238,1,223,北海道,根室市,北海道根室市,市,北海道
12246,1,224,北海道,千歳市,北海道千歳市,市,北海道
12254,1,225,北海道,滝川市,北海道滝川市,市,北海道
12262,1,226,北海道,砂川市,北海道砂川市,市,北海道
12271,1,227,北海道,歌志内市,北海道歌志内市,市,北海道
12289,1,228,北海道,深川市,北海道深川市,市,北海道
12297,1,229,北海道,富良野市,北海道富良野市,市,北海道
12301,1,230,北海道,登別市,北海道登別市,市,北海道
12319,1,231,北海道,恵庭市,北海道恵庭市,市,北海道
12335,1,233,北海道,伊達市,北海道伊達市,市,北海道
12343,1,234,北海道,北広島市,北海道北広島市,市,北海道
12351,1,235,北海道,石狩市,北海道石狩市,市,北海道
12360,1,236,北海道,北斗市,北海道北斗市,市,北海道
13030,1,303,北海道,当別町,北海道当別町,町,北海道
13048,1,304,北海道,新篠津村,北海道新篠津村,村,北海道
13315,1,331,北海道,松前町,北海道松前町,町,北海道
13323,1,332,北海道,福島町,北海道福島町,町,北海道
13331,1,333,北海道,知内町,北海道知内町,町,北海道
13340,1,334,北海道,木古内町,北海道木古内町,町,北海道
13374,1,337,北海道,七飯町,北海道七飯町,町,北海道
13439,1,343,北海道,鹿部町,北海道鹿部町,町,北海道
13455,1,345,北海道,森町,北海道森町,町,北海道
13463,1,346,北海道,八雲町,北海道八雲町,町,北海道
13471,1,347,北海道,長万部町,北海道長万部町,町,北海道
13617,1,361,北海道,江差町,北海道江差町,町,北海道
13625,1,362,北海道,上ノ国町,北海道上ノ国町,町,北海道
13633,1,363,北海道,厚沢部町,北海道厚沢部町,町,北海道
13641,1,364,北海道,乙部町,北海道乙部町,町,北海道
13676,1,367,北海道,奥尻町,北海道奥尻町,町,北海道
13706,1,370,北海道,今金町,北海道今金町,町,北海道
13714,1,371,北海道,せたな町,北海道せたな町,町,北海道
13919,1,391,北海道,島牧村,北海道島牧村,村,北海道
13927,1,392,北海道,寿都町,北海道寿都町,町,北海道
13935,1,393,北海道,黒松内町,北海道黒松内町,町,北海道
13943,1,394,北海道,蘭越町,北海道蘭越町,町,北海道
13951,1,395,北海道,ニセコ町,北海道ニセコ町,町,北海道
13960,1,396,北海道,真狩村,北海道真狩村,村,北海道
13978,1,397,北海道,留寿都村,北海道留寿都村,村,北海道
13986,1,398,北海道,喜茂別町,北海道喜茂別町,町,北海道
13994,1,399,北海道,京極町,北海道京極町,町,北海道
14001,1,400,北海道,倶知安町,北海道倶知安町,町,北海道
14010,1,401,北海道,共和町,北海道共和町,町,北海道
14028,1,402,北海道,岩内町,北海道岩内町,町,北海道
14036,1,403,北海道,泊村,北海道泊村,村,北海道
14044,1,404,北海道,神恵内村,北海道神恵内村,村,北海道
14052,1,405,北海道,積丹町,北海道積丹町,町,北海道
14061,1,406,北海道,古平町,北海道古平町,町,北海道
14079,1,407,北海道,仁木町,北海道仁木町,町,北海道
14087,1,408,北海道,余市町,北海道余市町,町,北海道
14095,1,409,北海道,赤井川村,北海道赤井川村,村,北海道
14231,1,423,北海道,南幌町,北海道南幌町,町,北海道
14249,1,424,北海道,奈井江町,北海道奈井江町,町,北海道
14257,1,425,北海道,上砂川町,北海道上砂川町,町,北海道
14273,1,427,北海道,由仁町,北海道由仁町,町,北海道
14281,1,428,北海道,長沼町,北海道長沼町,町,北海道
14290,1,429,北海道,栗山町,北海道栗山町,町,北海道
14303,1,430,北海道,月形町,北海道月形町,町,北海道
14311,1,431,北海道,浦臼町,北海道浦臼町,町,北海道
14320,1,432,北海道,新十津川町,北海道新十津川町,町,北海道
14338,1,433,北海道,妹背牛町,北海道妹背牛町,町,北海道
14346,1,434,北海道,秩父別町,北海道秩父別町,町,北海道
14362,1,436,北海道,雨竜町,北海道雨竜町,町,北海道
14371,1,437,北海道,北竜町,北海道北竜町,町,北海道
14389,1,438,北海道,沼田町,北海道沼田町,町,北海道
14524,1,452,北海道,鷹栖町,北海道鷹栖町,町,北海道
14532,1,453,北海道,東神楽町,北海道東神楽町,町,北海道
14541,1,454,北海道,当麻町,北海道当麻町,町,北海道
14559,1,455,北海道,比布町,北海道比布町,町,北海道
14567,1,456,北海道,愛別町,北海道愛別町,町,北海道
14575,1,457,北海道,上川町,北海道上川町,町,北海道
14583,1,458,北海道,東川町,北海道東川町,町,北海道
14591,1,459,北海道,美瑛町,北海道美瑛町,町,北海道
14605,1,460,北海道,上富良野町,北海道上富良野町,町,北海道
14613,1,461,北海道,中富良野町,北海道中富良野町,町,北海道
14621,1,462,北海道,南富良野町,北海道南富良野町,町,北海道
14630,1,463,北海道,占冠村,北海道占冠村,村,北海道
14648,1,464,北海道,和寒町,北海道和寒町,町,北海道
14656,1,465,北海道,剣淵町,北海道剣淵町,町,北海道
14681,1,468,北海道,下川町,北海道下川町,町,北海道
14699,1,469,北海道,美深町,北海道美深町,町,北海道
14702,1,470,北海道,音威子府村,北海道音威子府村,村,北海道
14711,1,471,北海道,中川町,北海道中川町,町,北海道
14729,1,472,北海道,幌加内町,北海道幌加内町,町,北海道
14818,1,481,北海道,増毛町,北海道増毛町,町,北海道
14826,1,482,北海道,小平町,北海道小平町,町,北海道
14834,1,483,北海道,苫前町,北海道苫前町,町,北海道
14842,1,484,北海道,羽幌町,北海道羽幌町,町,北海道
14851,1,485,北海道,初山別村,北海道初山別村,村,北海道
14869,1,486,北海道,遠別町,北海道遠別町,町,北海道
14877,1,487,北海道,天塩町,北海道天塩町,町,北海道
15113,1,511,北海道,猿払村,北海道猿払村,村,北海道
15121,1,512,北海道,浜頓別町,北海道浜頓別町,町,北海道
15130,1,513,北海道,中頓別町,北海道中頓別町,町,北海道
15148,1,514,北海道,枝幸町,北海道枝幸町,町,北海道
15164,1,516,北海道,豊富町,北海道豊富町,町,北海道
15172,1,517,北海道,礼文町,北海道礼文町,町,北海道
15181,1,518,北海道,利尻町,北海道利尻町,町,北海道
15199,1,519,北海道,利尻富士町,北海道利尻富士町,町,北海道
15202,1,520,北海道,幌延町,北海道幌延町,町,北海道
15431,1,543,北海道,美幌町,北海道美幌町,町,北海道
15440,1,544,北海道,津別町,北海道津別町,町,北海道
15458,1,545,北海道,斜里町,北海道斜里町,町,北海道
15466,1,546,北海道,清里町,北海道清里町,町,北海道
15474,1,547,北海道,小清水町,北海道小清水町,町,北海道
15491,1,549,北海道,訓子府町,北海道訓子府町,町,北海道
15504,1,550,北海道,置戸町,北海道置戸町,町,北海道
15521,1,552,北海道,佐呂間町,北海道佐呂間町,町,北海道
15555,1,555,北海道,遠軽町,北海道遠軽町,町,北海道
15598,1,559,北海道,湧別町,北海道湧別町,町,北海道
15601,1,560,北海道,滝上町,北海道滝上町,町,北海道
15610,1,561,北海道,興部町,北海道興部町,町,北海道
15628,1,562,北海道,西興部村,北海道西興部村,村,北海道
15636,1,563,北海道,雄武町,北海道雄武町,町,北海道
15644,1,564,北海道,大空町,北海道大空町,町,北海道
15717,1,571,北海道,豊浦町,北海道豊浦町,町,北海道
15750,1,575,北海道,壮瞥町,北海道壮瞥町,町,北海道
15784,1,578,北海道,白老町,北海道白老町,町,北海道
15814,1,581,北海道,厚真町,北海道厚真町,町,北海道
15849,1,584,北海道,洞爺湖町,北海道洞爺湖町,町,北海道
15857,1,585,北海道,安平町,北海道安平町,町,北海道
15865,1,586,北海道,むかわ町,北海道むかわ町,町,北海道
16012,1,601,北海道,日高町,北海道日高町,町,北海道
16021,1,602,北海道,平取町,北海道平取町,町,北海道
16047,1,604,北海道,新冠町,北海道新冠町,町,北海道
16071,1,607,北海道,浦河町,北海道浦河町,町,北海道
16080,1,608,北海道,様似町,北海道様似町,町,北海道
16098,1,609,北海道,えりも町,北海道えりも町,町,北海道
16101,1,610,北海道,新ひだか町,北海道新ひだか町,町,北海道
16314,1,631,北海道,音更町,北海道音更町,町,北海道
16322,1,632,北海道,士幌町,北海道士幌町,町,北海道
16331,1,633,北海道,上士幌町,北海道上士幌町,町,北海道
16349,1,634,北海道,鹿追町,北海道鹿追町,町,北海道
16357,1,635,北海道,新得町,北海道新得町,町,北海道
16365,1,636,北海道,清水町,北海道清水町,町,北海道
16373,1,637,北海道,芽室町,北海道芽室町,町,北海道
16381,1,638,北海道,中札内村,北海道中札内村,村,北海道
16390,1,639,北海道,更別村,北海道更別村,村,北海道
16411,1,641,北海道,大樹町,北海道大樹町,町,北海道
16420,1,642,北海道,広尾町,北海道広尾町,町,北海道
16438,1,643,北海道,幕別町,北海道幕別町,町,北海道
16446,1,644,北海道,池田町,北海道池田町,町,北海道
16454,1,645,北海道,豊頃町,北海道豊頃町,町,北海道
16462,1,646,北海道,本別町,北海道本別町,町,北海道
16471,1,647,北海道,足寄町,北海道足寄町,町,北海道
16489,1,648,北海道,陸別町,北海道陸別町,町,北海道
16497,1,649,北海道,浦幌町,北海道浦幌町,町,北海道
16616,1,661,北海道,釧路町,北海道釧路町,町,北海道
16624,1,662,北海道,厚岸町,北海道厚岸町,町,北海道
16632,1,663,北海道,浜中町,北海道浜中町,町,北海道
16641,1,664,北海道,標茶町,北海道標茶町,町,北海道
16659,1,665,北海道,弟子屈町,北海道弟子屈町,町,北海道
16675,1,667,北海道,鶴居村,北海道鶴居村,村,北海道
16683,1,668,北海道,白糠町,北海道白糠町,町,北海道
16918,1,691,北海道,別海町,北海道別海町,町,北海道
16926,1,692,北海道,中標津町,北海道中標津町,町,北海道
16934,1,693,北海道,標津町,北海道標津町,町,北海道
16942,1,694,北海道,羅臼町,北海道羅臼町,町,北海道
16969,1,696,北海道,泊村,北海道泊村,村,北海道
20001,2,0,青森県,,青森県,都道府県,東北
22012,2,201,青森県,青森市,青森県青森市,市,東北
22021,2,202,青森県,弘前市,青森県弘前市,市,東北
22039,2,203,青森県,八戸市,青森県八戸市,市,東北
22047,2,204,青森県,黒石市,青森県黒石市,市,東北
22055,2,205,青森県,五所川原市,青森県五所川原市,市,東北
22063,2,206,青森県,十和田市,青森県十和田市,市,東北
22071,2,207,青森県,三沢市,青森県三沢市,市,東北
22080,2,208,青森県,むつ市,青森県むつ市,市,東北
22098,2,209,青森県,つがる市,青森県つがる市,市,東北
22101,2,210,青森県,平川市,青森県平川市,市,東北
23019,2,301,青森県,平内町,青森県平内町,町,東北
23035,2,303,青森県,今別町,青森県今別町,町,東北
23043,2,304,青森県,蓬田村,青森県蓬田村,村,東北
23078,2,307,青森県,外ヶ浜町,青森県外ヶ浜町,町,東北
23213,2,321,青森県,鰺ヶ沢町,青森県鰺ヶ沢町,町,東北
23230,2,323,青森県,深浦町,青森県深浦町,町,東北
23434,2,343,青森県,西目屋村,青森県西目屋村,村,東北
23612,2,361,青森県,藤崎町,青森県藤崎町,町,東北
23621,2,362,青森県,大鰐町,青森県大鰐町,町,東北
23671,2,367,青森県,田舎館村,青森県田舎館村,村,東北
23817,2,381,青森県,板柳町,青森県板柳町,町,東北
23841,2,384,青森県,鶴田町,青森県鶴田町,町,東北
23876,2,387,青森県,中泊町,青森県中泊町,町,東北
24015,2,401,青森県,野辺地町,青森県野辺地町,町,東北
24023,2,402,青森県,七戸町,青森県七戸町,町,東北
24058,2,405,青森県,六戸町,青森県六戸町,町,東北
24066,2,406,青森県,横浜町,青森県横浜町,町,東北
24082,2,408,青森県,東北町,青森県東北町,町,東北
24112,2,411,青森県,六ヶ所村,青森県六ヶ所村,村,東北
24121,2,412,青森県,おいらせ町,青森県おいらせ町,町,東北
24236,2,423,青森県,大間町,青森県大間町,町,東北
24244,2,424,青森県,東通村,青森県東通村,村,東北
24252,2,425,青森県,風間浦村,青森県風間浦村,村,東北
24261,2,426,青森県,佐井村,青森県佐井村,村,東北
24414,2,441,青森県,三戸町,青森県三戸町,町,東北
24422,2,442,青森県,五戸町,青森県五戸町,町,東北
24431,2,443,青森県,田子町,青森県田子町,町,東北
24457,2,445,青森県,南部町,青森県南部町,町,東北
24465,2,446,青森県,階上町,青森県階上町,町,東北
24503,2,450,青森県,新郷村,青森県新郷村,村,東北
30007,3,0,岩手県,,岩手県,都道府県,東北
32018,3,201,岩手県,盛岡市,岩手県盛岡市,市,東北
32026,3,202,岩手県,宮古市,岩手県宮古市,市,東北
32034,3,203,岩手県,大船渡市,岩手県大船渡市,市,東北
32051,3,205,岩手県,花巻市,岩手県花巻市,市,東北
32069,3,206,岩手県,北上市,岩手県北上市,市,東北
32077,3,207,岩手県,久慈市,岩手県久慈市,市,東北
32085,3,208,岩手県,遠野市,岩手県遠野市,市,東北
32093,3,209,岩手県,一関市,岩手県一関市,市,東北
32107,3,210,岩手県,陸前高田市,岩手県陸前高田市,市,東北
32115,3,211,岩手県,釜石市,岩手県釜石市,市,東北
32131,3,213,岩手県,二戸市,岩手県二戸市,市,東北
32140,3,214,岩手県,八幡平市,岩手県八幡平市,市,東北
32158,3,215,岩手県,奥州市,岩手県奥州市,市,東北
32166,3,216,岩手県,滝沢市,岩手県滝沢市,市,東北
33014,3,301,岩手県,雫石町,岩手県雫石町,町,東北
33022,3,302,岩手県,葛巻町,岩手県葛巻町,町,東北
33031,3,303,岩手県,岩手町,岩手県岩手町,町,東北
33219,3,321,岩手県,紫波町,岩手県紫波町,町,東北
33227,3,322,岩手県,矢巾町,岩手県矢巾町,町,東北
33669,3,366,岩手県,西和賀町,岩手県西和賀町,町,東北
33812,3,381,岩手県,金ケ崎町,岩手県金ケ崎町,町,東北
34029,3,402,岩手県,平泉町,岩手県平泉町,町,東北
34410,3,441,岩手県,住田町,岩手県住田町,町,東北
34614,3,461,岩手県,大槌町,岩手県大槌町,町,東北
34827,3,482,岩手県,山田町,岩手県山田町,町,東北
34835,3,483,岩手県,岩泉町,岩手県岩泉町,町,東北
34843,3,484,岩手県,田野畑村,岩手県田野畑村,村,東北
34851,3,485,岩手県,普代村,岩手県普代村,村,東北
35017,3,501,岩手県,軽米町,岩手県軽米町,町,東北
35033,3,503,岩手県,野田村,岩手県野田村,村,東北
35068,3,506,岩手県,九戸村,岩手県九戸村,村,東北
35076,3,507,岩手県,洋野町,岩手県洋野町,町,東北
35246,3,524,岩手県,一戸町,岩手県一戸町,町,東北
40002,4,0,宮城県,,宮城県,都道府県,東北
41009,4,100,宮城県,仙台市,宮城県仙台市,市,東北
42021,4,202,宮城県,石巻市,宮城県石巻市,市,東北
42030,4,203,宮城県,塩竈市,宮城県塩竈市,市,東北
42056,4,205,宮城県,気仙沼市,宮城県気仙沼市,市,東北
42064,4,206,宮城県,白石市,宮城県白石市,市,東北
42072,4,207,宮城県,名取市,宮城県名取市,市,東北
42081,4,208,宮城県,角田市,宮城県角田市,市,東北
42099,4,209,宮城県,多賀城市,宮城県多賀城市,市,東北
42111,4,211,宮城県,岩沼市,宮城県岩沼市,市,東北
42129,4,212,宮城県,登米市,宮城県登米市,市,東北
42137,4,213,宮城県,栗原市,宮城県栗原市,市,東北
42145,4,214,宮城県,東松島市,宮城県東松島市,市,東北
42153,4,215,宮城県,大崎市,宮城県大崎市,市,東北
42161,4,216,宮城県,富谷市,宮城県富谷市,市,東北
43010,4,301,宮城県,蔵王町,宮城県蔵王町,町,東北
43028,4,302,宮城県,七ヶ宿町,宮城県七ヶ宿町,町,東北
43214,4,321,宮城県,大河原町,宮城県大河原町,町,東北
43222,4,322,宮城県,村田町,宮城県村田町,町,東北
43231,4,323,宮城県,柴田町,宮城県柴田町,町,東北
43249,4,324,宮城県,川崎町,宮城県川崎町,町,東北
43419,4,341,宮城県,丸森町,宮城県丸森町,町,東北
43613,4,361,宮城県,亘理町,宮城県亘理町,町,東北
43621,4,362,宮城県,山元町,宮城県山元町,町,東北
44016,4,401,宮城県,松島町,宮城県松島町,町,東北
44041,4,404,宮城県,七ヶ浜町,宮城県七ヶ浜町,町,東北
44067,4,406,宮城県,利府町,宮城県利府町,町,東北
44211,4,421,宮城県,大和町,宮城県大和町,町,東北
44229,4,422,宮城県,大郷町,宮城県大郷町,町,東北
44245,4,424,宮城県,大衡村,宮城県大衡村,村,東北
44440,4,444,宮城県,色麻町,宮城県色麻町,町,東北
44458,4,445,宮城県,加美町,宮城県加美町,町,東北
45012,4,501,宮城県,涌谷町,宮城県涌谷町,町,東北
45055,4,505,宮城県,美里町,宮城県美里町,町,東北
45811,4,581,宮城県,女川町,宮城県女川町,町,東北
46060,4,606,宮城県,南三陸町,宮城県南三陸町,町,東北
50008,5,0,秋田県,,秋田県,都道府県,東北
52019,5,201,秋田県,秋田市,秋田県秋田市,市,東北
52027,5,202,秋田県,能代市,秋田県能代市,市,東北
52035,5,203,秋田県,横手市,秋田県横手市,市,東北
52043,5,204,秋田県,大館市,秋田県大館市,市,東北
52060,5,206,秋田県,男鹿市,秋田県男鹿市,市,東北
52078,5,207,秋田県,湯沢市,秋田県湯沢市,市,東北
52094,5,209,秋田県,鹿角市,秋田県鹿角市,市,東北
52108,5,210,秋田県,由利本荘市,秋田県由利本荘市,市,東北
52116,5,211,秋田県,潟上市,秋田県潟上市,市,東北
52124,5,212,秋田県,大仙市,秋田県大仙市,市,東北
52132,5,213,秋田県,北秋田市,秋田県北秋田市,市,東北
52141,5,214,秋田県,にかほ市,秋田県にかほ市,市,東北
52159,5,215,秋田県,仙北市,秋田県仙北市,市,東北
53031,5,303,秋田県,小坂町,秋田県小坂町,町,東北
53279,5,327,秋田県,上小阿仁村,秋田県上小阿仁村,村,東北
53465,5,346,秋田県,藤里町,秋田県藤里町,町,東北
53481,5,348,秋田県,三種町,秋田県三種町,町,東北
53490,5,349,秋田県,八峰町,秋田県八峰町,町,東北
53619,5,361,秋田県,五城目町,秋田県五城目町,町,東北
53635,5,363,秋田県,八郎潟町,秋田県八郎潟町,町,東北
53660,5,366,秋田県,井川町,秋田県井川町,町,東北
53686,5,368,秋田県,大潟村,秋田県大潟村,村,東北
54348,5,434,秋田県,美郷町,秋田県美郷町,町,東北
54631,5,463,秋田県,羽後町,秋田県羽後町,町,東北
54640,5,464,秋田県,東成瀬村,秋田県東成瀬村,村,東北
60003,6,0,山形県,,山形県,都道府県,東北
62014,6,201,山形県,山形市,山形県山形市,市,東北
62022,6,202,山形県,米沢市,山形県米沢市,市,東北
62031,6,203,山形県,鶴岡市,山形県鶴岡市,市,東北
62049,6,204,山形県,酒田市,山形県酒田市,市,東北
62057,6,205,山形県,新庄市,山形県新庄市,市,東北
62065,6,206,山形県,寒河江市,山形県寒河江市,市,東北
62073,6,207,山形県,上山市,山形県上山市,市,東北
62081,6,208,山形県,村山市,山形県村山市,市,東北
62090,6,209,山形県,長井市,山形県長井市,市,東北
62103,6,210,山形県,天童市,山形県天童市,市,東北
62111,6,211,山形県,東根市,山形県東根市,市,東北
62120,6,212,山形県,尾花沢市,山形県尾花沢市,市,東北
62138,6,213,山形県,南陽市,山形県南陽市,市,東北
63011,6,301,山形県,山辺町,山形県山辺町,町,東北
63029,6,302,山形県,中山町,山形県中山町,町,東北
63215,6,321,山形県,河北町,山形県河北町,町,東北
63223,6,322,山形県,西川町,山形県西川町,町,東北
63231,6,323,山形県,朝日町,山形県朝日町,町,東北
63240,6,324,山形県,大江町,山形県大江町,町,東北
63410,6,341,山形県,大石田町,山形県大石田町,町,東北
63614,6,361,山形県,金山町,山形県金山町,町,東北
63622,6,362,山形県,最上町,山形県最上町,町,東北
63631,6,363,山形県,舟形町,山形県舟形町,町,東北
63649,6,364,山形県,真室川町,山形県真室川町,町,東北
63657,6,365,山形県,大蔵村,山形県大蔵村,村,東北
63665,6,366,山形県,鮭川村,山形県鮭川村,村,東北
63673,6,367,山形県,戸沢村,山形県戸沢村,村,東北
63819,6,381,山形県,高畠町,山形県高畠町,町,東北
63827,6,382,山形県,川西町,山形県川西町,町,東北
64017,6,401,山形県,小国町,山形県小国町,町,東北
64025,6,402,山形県,白鷹町,山形県白鷹町,町,東北
64033,6,403,山形県,飯豊町,山形県飯豊町,町,東北
64262,6,426,山形県,三川町,山形県三川町,町,東北
64289,6,428,山形県,庄内町,山形県庄内町,町,東北
64611,6,461,山形県,遊佐町,山形県遊佐町,町,東北
70009,7,0,福島県,,福島県,都道府県,東北
72010,7,201,福島県,福島市,福島県福島市,市,東北
72028,7,202,福島県,会津若松市,福島県会津若松市,市,東北
72036,7,203,福島県,郡山市,福島県郡山市,市,東北
72044,7,204,福島県,いわき市,福島県いわき市,市,東北
72052,7,205,福島県,白河市,福島県白河市,市,東北
72079,7,207,福島県,須賀川市,福島県須賀川市,市,東北
72087,7,208,福島県,喜多方市,福島県喜多方市,市,東北
72095,7,209,福島県,相馬市,福島県相馬市,市,東北
72109,7,210,福島県,二本松市,福島県二本松市,市,東北
72117,7,211,福島県,田村市,福島県田村市,市,東北
72125,7,212,福島県,南相馬市,福島県南相馬市,市,東北
72133,7,213,福島県,伊達市,福島県伊達市,市,東北
72141,7,214,福島県,本宮市,福島県本宮市,市,東北
73016,7,301,福島県,桑折町,福島県桑折町,町,東北
73032,7,303,福島県,国見町,福島県国見町,町,東北
73083,7,308,福島県,川俣町,福島県川俣町,町,東北
73229,7,322,福島県,大玉村,福島県大玉村,村,東北
73423,7,342,福島県,鏡石町,福島県鏡石町,町,東北
73440,7,344,福島県,天栄村,福島県天栄村,村,東北
73628,7,362,福島県,下郷町,福島県下郷町,町,東北
73644,7,364,福島県,檜枝岐村,福島県檜枝岐村,村,東北
73679,7,367,福島県,只見町,福島県只見町,町,東北
73687,7,368,福島県,南会津町,福島県南会津町,町,東北
74021,7,402,福島県,北塩原村,福島県北塩原村,村,東北
74055,7,405,福島県,西会津町,福島県西会津町,町,東北
74071,7,407,福島県,磐梯町,福島県磐梯町,町,東北
74080,7,408,福島県,猪苗代町,福島県猪苗代町,町,東北
74217,7,421,福島県,会津坂下町,福島県会津坂下町,町,東北
74225,7,422,福島県,湯川村,福島県湯川村,村,東北
74233,7,423,福島県,柳津町,福島県柳津町,町,東北
74446,7,444,福島県,三島町,福島県三島町,町,東北
74454,7,445,福島県,金山町,福島県金山町,町,東北
74462,7,446,福島県,昭和村,福島県昭和村,村,東北
74471,7,447,福島県,会津美里町,福島県会津美里町,町,東北
74616,7,461,福島県,西郷村,福島県西郷村,村,東北
74641,7,464,福島県,泉崎村,福島県泉崎村,村,東北
74659,7,465,福島県,中島村,福島県中島村,村,東北
74667,7,466,福島県,矢吹町,福島県矢吹町,町,東北
74811,7,481,福島県,棚倉町,福島県棚倉町,町,東北
74829,7,482,福島県,矢祭町,福島県矢祭町,町,東北
74837,7,483,福島県,塙町,福島県塙町,町,東北
74845,7,484,福島県,鮫川村,福島県鮫川村,村,東北
75019,7,501,福島県,石川町,福島県石川町,町,東北
75027,7,502,福島県,玉川村,福島県玉川村,村,東北
75035,7,503,福島県,平田村,福島県平田村,村,東北
75043,7,504,福島県,浅川町,福島県浅川町,町,東北
75051,7,505,福島県,古殿町,福島県古殿町,町,東北
75213,7,521,福島県,三春町,福島県三春町,町,東北
75221,7,522,福島県,小野町,福島県小野町,町,東北
75418,7,541,福島県,広野町,福島県広野町,町,東北
75426,7,542,福島県,楢葉町,福島県楢葉町,町,東北
75434,7,543,福島県,富岡町,福島県富岡町,町,東北
75442,7,544,福島県,川内村,福島県川内村,村,東北
75451,7,545,福島県,大熊町,福島県大熊町,町,東北
75469,7,546,福島県,双葉町,福島県双葉町,町,東北
75477,7,547,福島県,浪江町,福島県浪江町,町,東北
75485,7,548,福島県,葛尾村,福島県葛尾村,村,東北
75612,7,561,福島県,新地町,福島県新地町,町,東北
75647,7,564,福島県,飯舘村,福島県飯舘村,村,東北
80004,8,0,茨城県,,茨城県,都道府県,関東
82015,8,201,茨城県,水戸市,茨城県水戸市,市,関東
82023,8,202,茨城県,日立市,茨城県日立市,市,関東
82031,8,203,茨城県,土浦市,茨城県土浦市,市,関東
82040,8,204,茨城県,古河市,茨城県古河市,市,関東
82058,8,205,茨城県,石岡市,茨城県石岡市,市,関東
82074,8,207,茨城県,結城市,茨城県結城市,市,関東
82082,8,208,茨城県,龍ケ崎市,茨城県龍ケ崎市,市,関東
82104,8,210,茨城県,下妻市,茨城県下妻市,市,関東
82112,8,211,茨城県,常総市,茨城県常総市,市,関東
82121,8,212,茨城県,常陸太田市,茨城県常陸太田市,市,関東
82147,8,214,茨城県,高萩市,茨城県高萩市,市,関東
82155,8,215,茨城県,北茨城市,茨城県北茨城市,市,関東
82163,8,216,茨城県,笠間市,茨城県笠間市,市,関東
82171,8,217,茨城県,取手市,茨城県取手市,市,関東
82198,8,219,茨城県,牛久市,茨城県牛久市,市,関東
82201,8,220,茨城県,つくば市,茨城県つくば市,市,関東
82210,8,221,茨城県,ひたちなか市,茨城県ひたちなか市,市,関東
82228,8,222,茨城県,鹿嶋市,茨城県鹿嶋市,市,関東
82236,8,223,茨城県,潮来市,茨城県潮来市,市,関東
82244,8,224,茨城県,守谷市,茨城県守谷市,市,関東
82252,8,225,茨城県,常陸大宮市,茨城県常陸大宮市,市,関東
82261,8,226,茨城県,那珂市,茨城県那珂市,市,関東
82279,8,227,茨城県,筑西市,茨城県筑西市,市,関東
82287,8,228,茨城県,坂東市,茨城県坂東市,市,関東
82295,8,229,茨城県,稲敷市,茨城県稲敷市,市,関東
82309,8,230,茨城県,かすみがうら市,茨城県かすみがうら市,市,関東
82317,8,231,茨城県,桜川市,茨城県桜川市,市,関東
82325,8,232,茨城県,神栖市,茨城県神栖市,市,関東
82333,8,233,茨城県,行方市,茨城県行方市,市,関東
82341,8,234,茨城県,鉾田市,茨城県鉾田市,市,関東
82350,8,235,茨城県,つくばみらい市,茨城県つくばみらい市,市,関東
82368,8,236,茨城県,小美玉市,茨城県小美玉市,市,関東
83020,8,302,茨城県,茨城町,茨城県茨城町,町,関東
83097,8,309,茨城県,大洗町,茨城県大洗町,町,関東
83101,8,310,茨城県,城里町,茨城県城里町,町,関東
83411,8,341,茨城県,東海村,茨城県東海村,村,関東
83640,8,364,茨城県,大子町,茨城県大子町,町,関東
84425,8,442,茨城県,美浦村,茨城県美浦村,村,関東
84433,8,443,茨城県,阿見町,茨城県阿見町,町,関東
84476,8,447,茨城県,河内町,茨城県河内町,町,関東
85219,8,521,茨城県,八千代町,茨城県八千代町,町,関東
85421,8,542,茨城県,五霞町,茨城県五霞町,町,関東
85464,8,546,茨城県,境町,茨城県境町,町,関東
85642,8,564,茨城県,利根町,茨城県利根町,町,関東
90000,9,0,栃木県,,栃木県,都道府県,関東
92011,9,201,栃木県,宇都宮市,栃木県宇都宮市,市,関東
92029,9,202,栃木県,足利市,栃木県足利市,市,関東
92037,9,203,栃木県,栃木市,栃木県栃木市,市,関東
92045,9,204,栃木県,佐野市,栃木県佐野市,市,関東
92053,9,205,栃木県,鹿沼市,栃木県鹿沼市,市,関東
92061,9,206,栃木県,日光市,栃木県日光市,市,関東
92088,9,208,栃木県,小山市,栃木県小山市,市,関東
92096,9,209,栃木県,真岡市,栃木県真岡市,市,関東
92100,9,210,栃木県,大田原市,栃木県大田原市,市,関東
92118,9,211,栃木県,矢板市,栃木県矢板市,市,関東
92134,9,213,栃木県,那須塩原市,栃木県那須塩原市,市,関東
92142,9,214,栃木県,さくら市,栃木県さくら市,市,関東
92151,9,215,栃木県,那須烏山市,栃木県那須烏山市,市,関東
92169,9,216,栃木県,下野市,栃木県下野市,市,関東
93017,9,301,栃木県,上三川町,栃木県上三川町,町,関東
93424,9,342,栃木県,益子町,栃木県益子町,町,関東
93432,9,343,栃木県,茂木町,栃木県茂木町,町,関東
93441,9,344,栃木県,市貝町,栃木県市貝町,町,関東
93459,9,345,栃木県,芳賀町,栃木県芳賀町,町,関東
93611,9,361,栃木県,壬生町,栃木県壬生町,町,関東
93645,9,364,栃木県,野木町,栃木県野木町,町,関東
93840,9,384,栃木県,塩谷町,栃木県塩谷町,町,関東
93866,9,386,栃木県,高根沢町,栃木県高根沢町,町,関東
94072,9,407,栃木県,那須町,栃木県那須町,町,関東
94111,9,411,栃木県,那珂川町,栃木県那珂川町,町,関東
100005,10,0,群馬県,,群馬県,都道府県,関東
102016,10,201,群馬県,前橋市,群馬県前橋市,市,関東
102024,10,202,群馬県,高崎市,群馬県高崎市,市,関東
102032,10,203,群馬県,桐生市,群馬県桐生市,市,関東
102041,10,204,群馬県,伊勢崎市,群馬県伊勢崎市,市,関東
102059,10,205,群馬県,太田市,群馬県太田市,市,関東
102067,10,206,群馬県,沼田市,群馬県沼田市,市,関東
102075,10,207,群馬県,館林市,群馬県館林市,市,関東
102083,10,208,群馬県,渋川市,群馬県渋川市,市,関東
102091,10,209,群馬県,藤岡市,群馬県藤岡市,市,関東
102105,10,210,群馬県,富岡市,群馬県富岡市,市,関東
102113,10,211,群馬県,安中市,群馬県安中市,市,関東
102121,10,212,群馬県,みどり市,群馬県みどり市,市,関東
103446,10,344,群馬県,榛東村,群馬県榛東村,村,関東
103454,10,345,群馬県,吉岡町,群馬県吉岡町,町,関東
103667,10,366,群馬県,上野村,群馬県上野村,村,関東
103675,10,367,群馬県,神流町,群馬県神流町,町,関東
103829,10,382,群馬県,下仁田町,群馬県下仁田町,町,関東
103837,10,383,群馬県,南牧村,群馬県南牧村,村,関東
103845,10,384,群馬県,甘楽町,群馬県甘楽町,町,関東
104213,10,421,群馬県,中之条町,群馬県中之条町,町,関東
104248,10,424,群馬県,長野原町,群馬県長野原町,町,関東
104256,10,425,群馬県,嬬恋村,群馬県嬬恋村,村,関東
104264,10,426,群馬県,草津町,群馬県草津町,町,関東
104281,10,428,群馬県,高山村,群馬県高山村,村,関東
104299,10,429,群馬県,東吾妻町,群馬県東吾妻町,町,関東
104434,10,443,群馬県,片品村,群馬県片品村,村,関東
104442,10,444,群馬県,川場村,群馬県川場村,村,関東
104485,10,448,群馬県,昭和村,群馬県昭和村,村,関東
104493,10,449,群馬県,みなかみ町,群馬県みなかみ町,町,関東
104647,10,464,群馬県,玉村町,群馬県玉村町,町,関東
105210,10,521,群馬県,板倉町,群馬県板倉町,町,関東
105228,10,522,群馬県,明和町,群馬県明和町,町,関東
105236,10,523,群馬県,千代田町,群馬県千代田町,町,関東
105244,10,524,群馬県,大泉町,群馬県大泉町,町,関東
105252,10,525,群馬県,邑楽町,群馬県邑楽町,町,関東
110001,11,0,埼玉県,,埼玉県,都道府県,関東
111007,11,100,埼玉県,さいたま市,埼玉県さいたま市,市,関東
112011,11,201,埼玉県,川越市,埼玉県川越市,市,関東
112020,11,202,埼玉県,熊谷市,埼玉県熊谷市,市,関東
112038,11,203,埼玉県,川口市,埼玉県川口市,市,関東
112062,11,206,埼玉県,行田市,埼玉県行田市,市,関東
112071,11,207,埼玉県,秩父市,埼玉県秩父市,市,関東
112089,11,208,埼玉県,所沢市,埼玉県所沢市,市,関東
112097,11,209,埼玉県,飯能市,埼玉県飯能市,市,関東
112101,11,210,埼玉県,加須市,埼玉県加須市,市,関東
112119,11,211,埼玉県,本庄市,埼玉県本庄市,市,関東
112127,11,212,埼玉県,東松山市,埼玉県東松山市,市,関東
112143,11,214,埼玉県,春日部市,埼玉県春日部市,市,関東
112151,11,215,埼玉県,狭山市,埼玉県狭山市,市,関東
112160,11,216,埼玉県,羽生市,埼玉県羽生市,市,関東
112178,11,217,埼玉県,鴻巣市,埼玉県鴻巣市,市,関東
112186,11,218,埼玉県,深谷市,埼玉県深谷市,市,関東
112194,11,219,埼玉県,上尾市,埼玉県上尾市,市,関東
112216,11,221,埼玉県,草加市,埼玉県草加市,市,関東
112224,11,222,埼玉県,越谷市,埼玉県越谷市,市,関東
112232,11,223,埼玉県,蕨市,埼玉県蕨市,市,関東
112241,11,224,埼玉県,戸田市,埼玉県戸田市,市,関東
112259,11,225,埼玉県,入間市,埼玉県入間市,市,関東
112275,11,227,埼玉県,朝霞市,埼玉県朝霞市,市,関東
112283,11,228,埼玉県,志木市,埼玉県志木市,市,関東
112291,11,229,埼玉県,和光市,埼玉県和光市,市,関東
112305,11,230,埼玉県,新座市,埼玉県新座市,市,関東
112313,11,231,埼玉県,桶川市,埼玉県桶川市,市,関東
112321,11,232,埼玉県,久喜市,埼玉県久喜市,市,関東
112330,11,233,埼玉県,北本市,埼玉県北本市,市,関東
112348,11,234,埼玉県,八潮市,埼玉県八潮市,市,関東
112356,11,235,埼玉県,富士見市,埼玉県富士見市,市,関東
112372,11,237,埼玉県,三郷市,埼玉県三郷市,市,関東
112381,11,238,埼玉県,蓮田市,埼玉県蓮田市,市,関東
112399,11,239,埼玉県,坂戸市,埼玉県坂戸市,市,関東
112402,11,240,埼玉県,幸手市,埼玉県幸手市,市,関東
112411,11,241,埼玉県,鶴ヶ島市,埼玉県鶴ヶ島市,市,関東
112429,11,242,埼玉県,日高市,埼玉県日高市,市,関東
112437,11,243,埼玉県,吉川市,埼玉県吉川市,市,関東
112453,11,245,埼玉県,ふじみ野市,埼玉県ふじみ野市,市,関東
112461,11,246,埼玉県,白岡市,埼玉県白岡市,市,関東
113018,11,301,埼玉県,伊奈町,埼玉県伊奈町,町,関東
113247,11,324,埼玉県,三芳町,埼玉県三芳町,町,関東
113263,11,326,埼玉県,毛呂山町,埼玉県毛呂山町,町,関東
113271,11,327,埼玉県,越生町,埼玉県越生町,町,関東
113417,11,341,埼玉県,滑川町,埼玉県滑川町,町,関東
113425,11,342,埼玉県,嵐山町,埼玉県嵐山町,町,関東
113433,11,343,埼玉県,小川町,埼玉県小川町,町,関東
113468,11,346,埼玉県,川島町,埼玉県川島町,町,関東
113476,11,347,埼玉県,吉見町,埼玉県吉見町,町,関東
113484,11,348,埼玉県,鳩山町,埼玉県鳩山町,町,関東
113492,11,349,埼玉県,ときがわ町,埼玉県ときがわ町,町,関東
113611,11,361,埼玉県,横瀬町,埼玉県横瀬町,町,関東
113620,11,362,埼玉県,皆野町,埼玉県皆野町,町,関東
113638,11,363,埼玉県,長瀞町,埼玉県長瀞町,町,関東
113654,11,365,埼玉県,小鹿野町,埼玉県小鹿野町,町,関東
113697,11,369,埼玉県,東秩父村,埼玉県東秩父村,村,関東
113816,11,381,埼玉県,美里町,埼玉県美里町,町,関東
113832,11,383,埼玉県,神川町,埼玉県神川町,町,関東
113859,11,385,埼玉県,上里町,埼玉県上里町,町,関東
114081,11,408,埼玉県,寄居町,埼玉県寄居町,町,関東
114421,11,442,埼玉県,宮代町,埼玉県宮代町,町,関東
114642,11,464,埼玉県,杉戸町,埼玉県杉戸町,町,関東
114651,11,465,埼玉県,松伏町,埼玉県松伏町,町,関東
120006,12,0,千葉県,,千葉県,都道府県,関東
121002,12,100,千葉県,千葉市,千葉県千葉市,市,関東
122025,12,202,千葉県,銚子市,千葉県銚子市,市,関東
122033,12,203,千葉県,市川市,千葉県市川市,市,関東
122041,12,204,千葉県,船橋市,千葉県船橋市,市,関東
122050,12,205,千葉県,館山市,千葉県館山市,市,関東
122068,12,206,千葉県,木更津市,千葉県木更津市,市,関東
122076,12,207,千葉県,松戸市,千葉県松戸市,市,関東
122084,12,208,千葉県,野田市,千葉県野田市,市,関東
122106,12,210,千葉県,茂原市,千葉県茂原市,市,関東
122114,12,211,千葉県,成田市,千葉県成田市,市,関東
122122,12,212,千葉県,佐倉市,千葉県佐倉市,市,関東
122131,12,213,千葉県,東金市,千葉県東金市,市,関東
122157,12,215,千葉県,旭市,千葉県旭市,市,関東
122165,12,216,千葉県,習志野市,千葉県習志野市,市,関東
122173,12,217,千葉県,柏市,千葉県柏市,市,関東
122181,12,218,千葉県,勝浦市,千葉県勝浦市,市,関東
122190,12,219,千葉県,市原市,千葉県市原市,市,関東
122203,12,220,千葉県,流山市,千葉県流山市,市,関東
122211,12,221,千葉県,八千代市,千葉県八千代市,市,関東
122220,12,222,千葉県,我孫子市,千葉県我孫子市,市,関東
122238,12,223,千葉県,鴨川市,千葉県鴨川市,市,関東
122246,12,224,千葉県,鎌ケ谷市,千葉県鎌ケ谷市,市,関東
122254,12,225,千葉県,君津市,千葉県君津市,市,関東
122262,12,226,千葉県,富津市,千葉県富津市,市,関東
122271,12,227,千葉県,浦安市,千葉県浦安市,市,関東
122289,12,228,千葉県,四街道市,千葉県四街道市,市,関東
122297,12,229,千葉県,袖ケ浦市,千葉県袖ケ浦市,市,関東
122301,12,230,千葉県,八街市,千葉県八街市,市,関東
122319,12,231,千葉県,印西市,千葉県印西市,市,関東
122327,12,232,千葉県,白井市,千葉県白井市,市,関東
122335,12,233,千葉県,富里市,千葉県富里市,市,関東
122343,12,234,千葉県,南房総市,千葉県南房総市,市,関東
122351,12,235,千葉県,匝瑳市,千葉県匝瑳市,市,関東
122360,12,236,千葉県,香取市,千葉県香取市,市,関東
122378,12,237,千葉県,山武市,千葉県山武市,市,関東
122386,12,238,千葉県,いすみ市,千葉県いすみ市,市,関東
122394,12,239,千葉県,大網白里市,千葉県大網白里市,市,関東
123226,12,322,千葉県,酒々井町,千葉県酒々井町,町,関東
123293,12,329,千葉県,栄町,千葉県栄町,町,関東
123421,12,342,千葉県,神崎町,千葉県神崎町,町,関東
123471,12,347,千葉県,多古町,千葉県多古町,町,関東
123498,12,349,千葉県,東庄町,千葉県東庄町,町,関東
124036,12,403,千葉県,九十九里町,千葉県九十九里町,町,関東
124095,12,409,千葉県,芝山町,千葉県芝山町,町,関東
124109,12,410,千葉県,横芝光町,千葉県横芝光町,町,関東
124214,12,421,千葉県,一宮町,千葉県一宮町,町,関東
124222,12,422,千葉県,睦沢町,千葉県睦沢町,町,関東
124231,12,423,千葉県,長生村,千葉県長生村,村,関東
124249,12,424,千葉県,白子町,千葉県白子町,町,関東
124265,12,426,千葉県,長柄町,千葉県長柄町,町,関東
124273,12,427,千葉県,長南町,千葉県長南町,町,関東
124419,12,441,千葉県,大多喜町,千葉県大多喜町,町,関東
124435,12,443,千葉県,御宿町,千葉県御宿町,町,関東
124630,12,463,千葉県,鋸南町,千葉県鋸南町,町,関東
130001,13,0,東京都,,東京都,都道府県,関東
131016,13,101,東京都,千代田区,東京都千代田区,区,関東
131024,13,102,東京都,中央区,東京都中央区,区,関東
131032,13,103,東京都,港区,東京都港区,区,関東
131041,13,104,東京都,新宿区,東京都新宿区,区,関東
131059,13,105,東京都,文京区,東京都文京区,区,関東
131067,13,106,東京都,台東区,東京都台東区,区,関東
131075,13,107,東京都,墨田区,東京都墨田区,区,関東
131083,13,108,東京都,江東区,東京都江東区,区,関東
131091,13,109,東京都,品川区,東京都品川区,区,関東
131105,13,110,東京都,目黒区,東京都目黒区,区,関東
131113,13,111,東京都,大田区,東京都大田区,区,関東
131121,13,112,東京都,世田谷区,東京都世田谷区,区,関東
131130,13,113,東京都,渋谷区,東京都渋谷区,区,関東
131148,13,114,東京都,中野区,東京都中野区,区,関東
131156,13,115,東京都,杉並区,東京都杉並区,区,関東
131164,13,116,東京都,豊島区,東京都豊島区,区,関東
131172,13,117,東京都,北区,東京都北区,区,関東
131181,13,118,東京都,荒川区,東京都荒川区,区,関東
131199,13,119,東京都,板橋区,東京都板橋区,区,関東
131202,13,120,東京都,練馬区,東京都練馬区,区,関東
131211,13,121,東京都,足立区,東京都足立区,区,関東
131229,13,122,東京都,葛飾区,東京都葛飾区,区,関東
131237,13,123,東京都,江戸川区,東京都江戸川区,区,関東
132012,13,201,東京都,八王子市,東京都八王子市,市,関東
132021,13,202,東京都,立川市,東京都立川市,市,関東
132039,13,203,東京都,武蔵野市,東京都武蔵野市,市,関東
132047,13,204,東京都,三鷹市,東京都三鷹市,市,関東
132055,13,205,東京都,青梅市,東京都青梅市,市,関東
132063,13,206,東京都,府中市,東京都府中市,市,関東
132071,13,207,東京都,昭島市,東京都昭島市,市,関東
132080,13,208,東京都,調布市,東京都調布市,市,関東
132098,13,209,東京都,町田市,東京都町田市,市,関東
132101,13,210,東京都,小金井市,東京都小金井市,市,関東
132110,13,211,東京都,小平市,東京都小平市,市,関東
132128,13,212,東京都,日野市,東京都日野市,市,関東
132136,13,213,東京都,東村山市,東京都東村山市,市,関東
132144,13,214,東京都,国分寺市,東京都国分寺市,市,関東
132152,13,215,東京都,国立市,東京都国立市,市,関東
132187,13,218,東京都,福生市,東京都福生市,市,関東
132195,13,219,東京都,狛江市,東京都狛江市,市,関東
132209,13,220,東京都,東大和市,東京都東大和市,市,関東
132217,13,221,東京都,清瀬市,東京都清瀬市,市,関東
132225,13,222,東京都,東久留米市,東京都東久留米市,市,関東
132233,13,223,東京都,武蔵村山市,東京都武蔵村山市,市,関東
132241,13,224,東京都,多摩市,東京都多摩市,市,関東
132250,13,225,東京都,稲城市,東京都稲城市,市,関東
132276,13,227,東京都,羽村市,東京都羽村市,市,関東
132284,13,228,東京都,あきる野市,東京都あきる野市,市,関東
132292,13,229,東京都,西東京市,東京都西東京市,市,関東
133035,13,303,東京都,瑞穂町,東京都瑞穂町,町,関東
133051,13,305,東京都,日の出町,東京都日の出町,町,関東
133078,13,307,東京都,檜原村,東京都檜原村,村,関東
133086,13,308,東京都,奥多摩町,東京都奥多摩町,町,関東
133612,13,361,東京都,大島町,東京都大島町,町,関東
133621,13,362,東京都,利島村,東京都利島村,村,関東
133639,13,363,東京都,新島村,東京都新島村,村,関東
133647,13,364,東京都,神津島村,東京都神津島村,村,関東
133817,13,381,東京都,三宅村,東京都三宅村,村,関東
133825,13,382,東京都,御蔵島村,東京都御蔵島村,村,関東
134015,13,401,東京都,八丈町,東京都八丈町,町,関東
134023,13,402,東京都,青ヶ島村,東京都青ヶ島村,村,関東
134210,13,421,東京都,小笠原村,東京都小笠原村,村,関東
140007,14,0,神奈川県,,神奈川県,都道府県,関東
141003,14,100,神奈川県,横浜市,神奈川県横浜市,市,関東
141305,14,130,神奈川県,川崎市,神奈川県川崎市,市,関東
141500,14,150,神奈川県,相模原市,神奈川県相模原市,市,関東
142018,14,201,神奈川県,横須賀市,神奈川県横須賀市,市,関東
142034,14,203,神奈川県,平塚市,神奈川県平塚市,市,関東
142042,14,204,神奈川県,鎌倉市,神奈川県鎌倉市,市,関東
142051,14,205,神奈川県,藤沢市,神奈川県藤沢市,市,関東
142069,14,206,神奈川県,小田原市,神奈川県小田原市,市,関東
142077,14,207,神奈川県,茅ヶ崎市,神奈川県茅ヶ崎市,市,関東
142085,14,208,神奈川県,逗子市,神奈川県逗子市,市,関東
142107,14,210,神奈川県,三浦市,神奈川県三浦市,市,関東
142115,14,211,神奈川県,秦野市,神奈川県秦野市,市,関東
142123,14,212,神奈川県,厚木市,神奈川県厚木市,市,関東
142131,14,213,神奈川県,大和市,神奈川県大和市,市,関東
142140,14,214,神奈川県,伊勢原市,神奈川県伊勢原市,市,関東
142158,14,215,神奈川県,海老名市,神奈川県海老名市,市,関東
142166,14,216,神奈川県,座間市,神奈川県座間市,市,関東
142174,14,217,神奈川県,南足柄市,神奈川県南足柄市,市,関東
142182,14,218,神奈川県,綾瀬市,神奈川県綾瀬市,市,関東
143014,14,301,神奈川県,葉山町,神奈川県葉山町,町,関東
143219,14,321,神奈川県,寒川町,神奈川県寒川町,町,関東
143413,14,341,神奈川県,大磯町,神奈川県大磯町,町,関東
143421,14,342,神奈川県,二宮町,神奈川県二宮町,町,関東
143618,14,361,神奈川県,中井町,神奈川県中井町,町,関東
143626,14,362,神奈川県,大井町,神奈川県大井町,町,関東
143634,14,363,神奈川県,松田町,神奈川県松田町,町,関東
143642,14,364,神奈川県,山北町,神奈川県山北町,町,関東
143669,14,366,神奈川県,開成町,神奈川県開成町,町,関東
143821,14,382,神奈川県,箱根町,神奈川県箱根町,町,関東
143839,14,383,神奈川県,真鶴町,神奈川県真鶴町,町,関東
143847,14,384,神奈川県,湯河原町,神奈川県湯河原町,町,関東
144011,14,401,神奈川県,愛川町,神奈川県愛川町,町,関東
144029,14,402,神奈川県,清川村,神奈川県清川村,村,関東
150002,15,0,新潟県,,新潟県,都道府県,中部
151009,15,100,新潟県,新潟市,新潟県新潟市,市,中部
152021,15,202,新潟県,長岡市,新潟県長岡市,市,中部
152048,15,204,新潟県,三条市,新潟県三条市,市,中部
152056,15,205,新潟県,柏崎市,新潟県柏崎市,市,中部
152064,15,206,新潟県,新発田市,新潟県新発田市,市,中部
152081,15,208,新潟県,小千谷市,新潟県小千谷市,市,中部
152099,15,209,新潟県,加茂市,新潟県加茂市,市,中部
152102,15,210,新潟県,十日町市,新潟県十日町市,市,中部
152111,15,211,新潟県,見附市,新潟県見附市,市,中部
152129,15,212,新潟県,村上市,新潟県村上市,市,中部
152137,15,213,新潟県,燕市,新潟県燕市,市,中部
152161,15,216,新潟県,糸魚川市,新潟県糸魚川市,市,中部
152170,15,217,新潟県,妙高市,新潟県妙高市,市,中部
152188,15,218,新潟県,五泉市,新潟県五泉市,市,中部
152226,15,222,新潟県,上越市,新潟県上越市,市,中部
152234,15,223,新潟県,阿賀野市,新潟県阿賀野市,市,中部
152242,15,224,新潟県,佐渡市,新潟県佐渡市,市,中部
152251,15,225,新潟県,魚沼市,新潟県魚沼市,市,中部
152269,15,226,新潟県,南魚沼市,新潟県南魚沼市,市,中部
152277,15,227,新潟県,胎内市,新潟県胎内市,市,中部
153079,15,307,新潟県,聖籠町,新潟県聖籠町,町,中部
153427,15,342,新潟県,弥彦村,新潟県弥彦村,村,中部
153613,15,361,新潟県,田上町,新潟県田上町,町,中部
153851,15,385,新潟県,阿賀町,新潟県阿賀町,町,中部
154059,15,405,新潟県,出雲崎町,新潟県出雲崎町,町,中部
154610,15,461,新潟県,湯沢町,新潟県湯沢町,町,中部
154822,15,482,新潟県,津南町,新潟県津南町,町,中部
155047,15,504,新潟県,刈羽村,新潟県刈羽村,村,中部
155811,15,581,新潟県,関川村,新潟県関川村,村,中部
155861,15,586,新潟県,粟島浦村,新潟県粟島浦村,村,中部
160008,16,0,富山県,,富山県,都道府県,中部
162019,16,201,富山県,富山市,富山県富山市,市,中部
162027,16,202,富山県,高岡市,富山県高岡市,市,中部
162043,16,204,富山県,魚津市,富山県魚津市,市,中部
162051,16,205,富山県,氷見市,富山県氷見市,市,中部
162060,16,206,富山県,滑川市,富山県滑川市,市,中部
162078,16,207,富山県,黒部市,富山県黒部市,市,中部
162086,16,208,富山県,砺波市,富山県砺波市,市,中部
162094,16,209,富山県,小矢部市,富山県小矢部市,市,中部
162108,16,210,富山県,南砺市,富山県南砺市,市,中部
162116,16,211,富山県,射水市,富山県射水市,市,中部
163210,16,321,富山県,舟橋村,富山県舟橋村,村,中部
163228,16,322,富山県,上市町,富山県上市町,町,中部
163236,16,323,富山県,立山町,富山県立山町,町,中部
163422,16,342,富山県,入善町,富山県入善町,町,中部
163431,16,343,富山県,朝日町,富山県朝日町,町,中部
170003,17,0,石川県,,石川県,都道府県,中部
172014,17,201,石川県,金沢市,石川県金沢市,市,中部
172022,17,202,石川県,七尾市,石川県七尾市,市,中部
172031,17,203,石川県,小松市,石川県小松市,市,中部
172049,17,204,石川県,輪島市,石川県輪島市,市,中部
172057,17,205,石川県,珠洲市,石川県珠洲市,市,中部
172065,17,206,石川県,加賀市,石川県加賀市,市,中部
172073,17,207,石川県,羽咋市,石川県羽咋市,市,中部
172090,17,209,石川県,かほく市,石川県かほく市,市,中部
172103,17,210,石川県,白山市,石川県白山市,市,中部
172111,17,211,石川県,能美市,石川県能美市,市,中部
172120,17,212,石川県,野々市市,石川県野々市市,市,中部
173240,17,324,石川県,川北町,石川県川北町,町,中部
173614,17,361,石川県,津幡町,石川県津幡町,町,中部
173657,17,365,石川県,内灘町,石川県内灘町,町,中部
173843,17,384,石川県,志賀町,石川県志賀町,町,中部
173860,17,386,石川県,宝達志水町,石川県宝達志水町,町,中部
174076,17,407,石川県,中能登町,石川県中能登町,町,中部
174611,17,461,石川県,穴水町,石川県穴水町,町,中部
174637,17,463,石川県,能登町,石川県能登町,町,中部
180009,18,0,福井県,,福井県,都道府県,中部
182010,18,201,福井県,福井市,福井県福井市,市,中部
182028,18,202,福井県,敦賀市,福井県敦賀市,市,中部
182044,18,204,福井県,小浜市,福井県小浜市,市,中部
182052,18,205,福井県,大野市,福井県大野市,市,中部
182061,18,206,福井県,勝山市,福井県勝山市,市,中部
182079,18,207,福井県,鯖江市,福井県鯖江市,市,中部
182087,18,208,福井県,あわら市,福井県あわら市,市,中部
182095,18,209,福井県,越前市,福井県越前市,市,中部
182109,18,210,福井県,坂井市,福井県坂井市,市,中部
183229,18,322,福井県,永平寺町,福井県永平寺町,町,中部
183822,18,382,福井県,池田町,福井県池田町,町,中部
184047,18,404,福井県,南越前町,福井県南越前町,町,中部
184233,18,423,福井県,越前町,福井県越前町,町,中部
184420,18,442,福井県,美浜町,福井県美浜町,町,中部
184811,18,481,福井県,高浜町,福井県高浜町,町,中部
184837,18,483,福井県,おおい町,福井県おおい町,町,中部
185019,18,501,福井県,若狭町,福井県若狭町,町,中部
190004,19,0,山梨県,,山梨県,都道府県,中部
192015,19,201,山梨県,甲府市,山梨県甲府市,市,中部
192023,19,202,山梨県,富士吉田市,山梨県富士吉田市,市,中部
192040,19,204,山梨県,都留市,山梨県都留市,市,中部
192058,19,205,山梨県,山梨市,山梨県山梨市,市,中部
192066,19,206,山梨県,大月市,山梨県大月市,市,中部
192074,19,207,山梨県,韮崎市,山梨県韮崎市,市,中部
192082,19,208,山梨県,南アルプス市,山梨県南アルプス市,市,中部
192091,19,209,山梨県,北杜市,山梨県北杜市,市,中部
192104,19,210,山梨県,甲斐市,山梨県甲斐市,市,中部
192112,19,211,山梨県,笛吹市,山梨県笛吹市,市,中部
192121,19,212,山梨県,上野原市,山梨県上野原市,市,中部
192139,19,213,山梨県,甲州市,山梨県甲州市,市,中部
192147,19,214,山梨県,中央市,山梨県中央市,市,中部
193461,19,346,山梨県,市川三郷町,山梨県市川三郷町,町,中部
193640,19,364,山梨県,早川町,山梨県早川町,町,中部
193658,19,365,山梨県,身延町,山梨県身延町,町,中部
193666,19,366,山梨県,南部町,山梨県南部町,町,中部
193682,19,368,山梨県,富士川町,山梨県富士川町,町,中部
193844,19,384,山梨県,昭和町,山梨県昭和町,町,中部
194221,19,422,山梨県,道志村,山梨県道志村,村,中部
194239,19,423,山梨県,西桂町,山梨県西桂町,町,中部
194247,19,424,山梨県,忍野村,山梨県忍野村,村,中部
194255,19,425,山梨県,山中湖村,山梨県山中湖村,村,中部
194298,19,429,山梨県,鳴沢村,山梨県鳴沢村,村,中部
194301,19,430,山梨県,富士河口湖町,山梨県富士河口湖町,町,中部
194425,19,442,山梨県,小菅村,山梨県小菅村,村,中部
194433,19,443,山梨県,丹波山村,山梨県丹波山村,村,中部
200000,20,0,長野県,,長野県,都道府県,中部
202011,20,201,長野県,長野市,長野県長野市,市,中部
202029,20,202,長野県,松本市,長野県松本市,市,中部
202037,20,203,長野県,上田市,長野県上田市,市,中部
202045,20,204,長野県,岡谷市,長野県岡谷市,市,中部
202053,20,205,長野県,飯田市,長野県飯田市,市,中部
202061,20,206,長野県,諏訪市,長野県諏訪市,市,中部
202070,20,207,長野県,須坂市,長野県須坂市,市,中部
202088,20,208,長野県,小諸市,長野県小諸市,市,中部
202096,20,209,長野県,伊那市,長野県伊那市,市,中部
202100,20,210,長野県,駒ヶ根市,長野県駒ヶ根市,市,中部
202118,20,211,長野県,中野市,長野県中野市,市,中部
202126,20,212,長野県,大町市,長野県大町市,市,中部
202134,20,213,長野県,飯山市,長野県飯山市,市,中部
202142,20,214,長野県,茅野市,長野県茅野市,市,中部
202151,20,215,長野県,塩尻市,長野県塩尻市,市,中部
202177,20,217,長野県,佐久市,長野県佐久市,市,中部
202185,20,218,長野県,千曲市,長野県千曲市,市,中部
202193,20,219,長野県,東御市,長野県東御市,市,中部
202207,20,220,長野県,安曇野市,長野県安曇野市,市,中部
203033,20,303,長野県,小海町,長野県小海町,町,中部
203041,20,304,長野県,川上村,長野県川上村,村,中部
203050,20,305,長野県,南牧村,長野県南牧村,村,中部
203068,20,306,長野県,南相木村,長野県南相木村,村,中部
203076,20,307,長野県,北相木村,長野県北相木村,村,中部
203092,20,309,長野県,佐久穂町,長野県佐久穂町,町,中部
203211,20,321,長野県,軽井沢町,長野県軽井沢町,町,中部
203238,20,323,長野県,御代田町,長野県御代田町,町,中部
203246,20,324,長野県,立科町,長野県立科町,町,中部
203491,20,349,長野県,青木村,長野県青木村,村,中部
203505,20,350,長野県,長和町,長野県長和町,町,中部
203611,20,361,長野県,下諏訪町,長野県下諏訪町,町,中部
203629,20,362,長野県,富士見町,長野県富士見町,町,中部
203637,20,363,長野県,原村,長野県原村,村,中部
203823,20,382,長野県,辰野町,長野県辰野町,町,中部
203831,20,383,長野県,箕輪町,長野県箕輪町,町,中部
203840,20,384,長野県,飯島町,長野県飯島町,町,中部
203858,20,385,長野県,南箕輪村,長野県南箕輪村,村,中部
203866,20,386,長野県,中川村,長野県中川村,村,中部
203882,20,388,長野県,宮田村,長野県宮田村,村,中部
204021,20,402,長野県,松川町,長野県松川町,町,中部
204030,20,403,長野県,高森町,長野県高森町,町,中部
204048,20,404,長野県,阿南町,長野県阿南町,町,中部
204072,20,407,長野県,阿智村,長野県阿智村,村,中部
204099,20,409,長野県,平谷村,長野県平谷村,村,中部
204102,20,410,長野県,根羽村,長野県根羽村,村,中部
204111,20,411,長野県,下條村,長野県下條村,村,中部
204129,20,412,長野県,売木村,長野県売木村,村,中部
204137,20,413,長野県,天龍村,長野県天龍村,村,中部
204145,20,414,長野県,泰阜村,長野県泰阜村,村,中部
204153,20,415,長野県,喬木村,長野県喬木村,村,中部
204161,20,416,長野県,豊丘村,長野県豊丘村,村,中部
204170,20,417,長野県,大鹿村,長野県大鹿村,村,中部
204226,20,422,長野県,上松町,長野県上松町,町,中部
204234,20,423,長野県,南木曽町,長野県南木曽町,町,中部
204251,20,425,長野県,木祖村,長野県木祖村,村,中部
204293,20,429,長野県,王滝村,長野県王滝村,村,中部
204307,20,430,長野県,大桑村,長野県大桑村,村,中部
204323,20,432,長野県,木曽町,長野県木曽町,町,中部
204463,20,446,長野県,麻績村,長野県麻績村,村,中部
204480,20,448,長野県,生坂村,長野県生坂村,村,中部
204501,20,450,長野県,山形村,長野県山形村,村,中部
204510,20,451,長野県,朝日村,長野県朝日村,村,中部
204528,20,452,長野県,筑北村,長野県筑北村,村,中部
204811,20,481,長野県,池田町,長野県池田町,町,中部
204820,20,482,長野県,松川村,長野県松川村,村,中部
204854,20,485,長野県,白馬村,長野県白馬村,村,中部
204862,20,486,長野県,小谷村,長野県小谷村,村,中部
205214,20,521,長野県,坂城町,長野県坂城町,町,中部
205419,20,541,長野県,小布施町,長野県小布施町,町,中部
205435,20,543,長野県,高山村,長野県高山村,村,中部
205613,20,561,長野県,山ノ内町,長野県山ノ内町,町,中部
205621,20,562,長野県,木島平村,長野県木島平村,村,中部
205630,20,563,長野県,野沢温泉村,長野県野沢温泉村,村,中部
205834,20,583,長野県,信濃町,長野県信濃町,町,中部
205885,20,588,長野県,小川村,長野県小川村,村,中部
205907,20,590,長野県,飯綱町,長野県飯綱町,町,中部
206024,20,602,長野県,栄村,長野県栄村,村,中部
210005,21,0,岐阜県,,岐阜県,都道府県,中部
212016,21,201,岐阜県,岐阜市,岐阜県岐阜市,市,中部
212024,21,202,岐阜県,大垣市,岐阜県大垣市,市,中部
212032,21,203,岐阜県,高山市,岐阜県高山市,市,中部
212041,21,204,岐阜県,多治見市,岐阜県多治見市,市,中部
212059,21,205,岐阜県,関市,岐阜県関市,市,中部
212067,21,206,岐阜県,中津川市,岐阜県中津川市,市,中部
212075,21,207,岐阜県,美濃市,岐阜県美濃市,市,中部
212083,21,208,岐阜県,瑞浪市,岐阜県瑞浪市,市,中部
212091,21,209,岐阜県,羽島市,岐阜県羽島市,市,中部
212105,21,210,岐阜県,恵那市,岐阜県恵那市,市,中部
212113,21,211,岐阜県,美濃加茂市,岐阜県美濃加茂市,市,中部
212121,21,212,岐阜県,土岐市,岐阜県土岐市,市,中部
212130,21,213,岐阜県,各務原市,岐阜県各務原市,市,中部
212148,21,214,岐阜県,可児市,岐阜県可児市,市,中部
212156,21,215,岐阜県,山県市,岐阜県山県市,市,中部
212164,21,216,岐阜県,瑞穂市,岐阜県瑞穂市,市,中部
212172,21,217,岐阜県,飛騨市,岐阜県飛騨市,市,中部
212181,21,218,岐阜県,本巣市,岐阜県本巣市,市,中部
212199,21,219,岐阜県,郡上市,岐阜県郡上市,市,中部
212202,21,220,岐阜県,下呂市,岐阜県下呂市,市,中部
212211,21,221,岐阜県,海津市,岐阜県海津市,市,中部
213021,21,302,岐阜県,岐南町,岐阜県岐南町,町,中部
213039,21,303,岐阜県,笠松町,岐阜県笠松町,町,中部
213411,21,341,岐阜県,養老町,岐阜県養老町,町,中部
213616,21,361,岐阜県,垂井町,岐阜県垂井町,町,中部
213624,21,362,岐阜県,関ケ原町,岐阜県関ケ原町,町,中部
213811,21,381,岐阜県,神戸町,岐阜県神戸町,町,中部
213829,21,382,岐阜県,輪之内町,岐阜県輪之内町,町,中部
213837,21,383,岐阜県,安八町,岐阜県安八町,町,中部
214019,21,401,岐阜県,揖斐川町,岐阜県揖斐川町,町,中部
214035,21,403,岐阜県,大野町,岐阜県大野町,町,中部
214043,21,404,岐阜県,池田町,岐阜県池田町,町,中部
214213,21,421,岐阜県,北方町,岐阜県北方町,町,中部
215015,21,501,岐阜県,坂祝町,岐阜県坂祝町,町,中部
215023,21,502,岐阜県,富加町,岐阜県富加町,町,中部
215031,21,503,岐阜県,川辺町,岐阜県川辺町,町,中部
215040,21,504,岐阜県,七宗町,岐阜県七宗町,町,中部
215058,21,505,岐阜県,八百津町,岐阜県八百津町,町,中部
215066,21,506,岐阜県,白川町,岐阜県白川町,町,中部
215074,21,507,岐阜県,東白川村,岐阜県東白川村,村,中部
215210,21,521,岐阜県,御嵩町,岐阜県御嵩町,町,中部
216046,21,604,岐阜県,白川村,岐阜県白川村,村,中部
220001,22,0,静岡県,,静岡県,都道府県,中部
221007,22,100,静岡県,静岡市,静岡県静岡市,市,中部
221309,22,130,静岡県,浜松市,静岡県浜松市,市,中部
222038,22,203,静岡県,沼津市,静岡県沼津市,市,中部
222054,22,205,静岡県,熱海市,静岡県熱海市,市,中部
222062,22,206,静岡県,三島市,静岡県三島市,市,中部
222071,22,207,静岡県,富士宮市,静岡県富士宮市,市,中部
222089,22,208,静岡県,伊東市,静岡県伊東市,市,中部
222097,22,209,静岡県,島田市,静岡県島田市,市,中部
222101,22,210,静岡県,富士市,静岡県富士市,市,中部
222119,22,211,静岡県,磐田市,静岡県磐田市,市,中部
222127,22,212,静岡県,焼津市,静岡県焼津市,市,中部
222135,22,213,静岡県,掛川市,静岡県掛川市,市,中部
222143,22,214,静岡県,藤枝市,静岡県藤枝市,市,中部
222151,22,215,静岡県,御殿場市,静岡県御殿場市,市,中部
222160,22,216,静岡県,袋井市,静岡県袋井市,市,中部
222194,22,219,静岡県,下田市,静岡県下田市,市,中部
222208,22,220,静岡県,裾野市,静岡県裾野市,市,中部
222216,22,221,静岡県,湖西市,静岡県湖西市,市,中部
222224,22,222,静岡県,伊豆市,静岡県伊豆市,市,中部
222232,22,223,静岡県,御前崎市,静岡県御前崎市,市,中部
222241,22,224,静岡県,菊川市,静岡県菊川市,市,中部
222259,22,225,静岡県,伊豆の国市,静岡県伊豆の国市,市,中部
222267,22,226,静岡県,牧之原市,静岡県牧之原市,市,中部
223018,22,301,静岡県,東伊豆町,静岡県東伊豆町,町,中部
223026,22,302,静岡県,河津町,静岡県河津町,町,中部
223042,22,304,静岡県,南伊豆町,静岡県南伊豆町,町,中部
223051,22,305,静岡県,松崎町,静岡県松崎町,町,中部
223069,22,306,静岡県,西伊豆町,静岡県西伊豆町,町,中部
223255,22,325,静岡県,函南町,静岡県函南町,町,中部
223417,22,341,静岡県,清水町,静岡県清水町,町,中部
223425,22,342,静岡県,長泉町,静岡県長泉町,町,中部
223441,22,344,静岡県,小山町,静岡県小山町,町,中部
224243,22,424,静岡県,吉田町,静岡県吉田町,町,中部
224294,22,429,静岡県,川根本町,静岡県川根本町,町,中部
224618,22,461,静岡県,森町,静岡県森町,町,中部
230006,23,0,愛知県,,愛知県,都道府県,中部
231002,23,100,愛知県,名古屋市,愛知県名古屋市,市,中部
232017,23,201,愛知県,豊橋市,愛知県豊橋市,市,中部
232025,23,202,愛知県,岡崎市,愛知県岡崎市,市,中部
232033,23,203,愛知県,一宮市,愛知県一宮市,市,中部
232041,23,204,愛知県,瀬戸市,愛知県瀬戸市,市,中部
232050,23,205,愛知県,半田市,愛知県半田市,市,中部
232068,23,206,愛知県,春日井市,愛知県春日井市,市,中部
232076,23,207,愛知県,豊川市,愛知県豊川市,市,中部
232084,23,208,愛知県,津島市,愛知県津島市,市,中部
232092,23,209,愛知県,碧南市,愛知県碧南市,市,中部
232106,23,210,愛知県,刈谷市,愛知県刈谷市,市,中部
232114,23,211,愛知県,豊田市,愛知県豊田市,市,中部
232122,23,212,愛知県,安城市,愛知県安城市,市,中部
232131,23,213,愛知県,西尾市,愛知県西尾市,市,中部
232149,23,214,愛知県,蒲郡市,愛知県蒲郡市,市,中部
232157,23,215,愛知県,犬山市,愛知県犬山市,市,中部
232165,23,216,愛知県,常滑市,愛知県常滑市,市,中部
232173,23,217,愛知県,江南市,愛知県江南市,市,中部
232190,23,219,愛知県,小牧市,愛知県小牧市,市,中部
232203,23,220,愛知県,稲沢市,愛知県稲沢市,市,中部
232211,23,221,愛知県,新城市,愛知県新城市,市,中部
232220,23,222,愛知県,東海市,愛知県東海市,市,中部
232238,23,223,愛知県,大府市,愛知県大府市,市,中部
232246,23,224,愛知県,知多市,愛知県知多市,市,中部
232254,23,225,愛知県,知立市,愛知県知立市,市,中部
232262,23,226,愛知県,尾張旭市,愛知県尾張旭市,市,中部
232271,23,227,愛知県,高浜市,愛知県高浜市,市,中部
232289,23,228,愛知県,岩倉市,愛知県岩倉市,市,中部
232297,23,229,愛知県,豊明市,愛知県豊明市,市,中部
232301,23,230,愛知県,日進市,愛知県日進市,市,中部
232319,23,231,愛知県,田原市,愛知県田原市,市,中部
232327,23,232,愛知県,愛西市,愛知県愛西市,市,中部
232335,23,233,愛知県,清須市,愛知県清須市,市,中部
232343,23,234,愛知県,北名古屋市,愛知県北名古屋市,市,中部
232351,23,235,愛知県,弥富市,愛知県弥富市,市,中部
232360,23,236,愛知県,みよし市,愛知県みよし市,市,中部
232378,23,237,愛知県,あま市,愛知県あま市,市,中部
232386,23,238,愛知県,長久手市,愛知県長久手市,市,中部
233021,23,302,愛知県,東郷町,愛知県東郷町,町,中部
233421,23,342,愛知県,豊山町,愛知県豊山町,町,中部
233617,23,361,愛知県,大口町,愛知県大口町,町,中部
233625,23,362,愛知県,扶桑町,愛知県扶桑町,町,中部
234249,23,424,愛知県,大治町,愛知県大治町,町,中部
234257,23,425,愛知県,蟹江町,愛知県蟹江町,町,中部
234273,23,427,愛知県,飛島村,愛知県飛島村,村,中部
234419,23,441,愛知県,阿久比町,愛知県阿久比町,町,中部
234427,23,442,愛知県,東浦町,愛知県東浦町,町,中部
234451,23,445,愛知県,南知多町,愛知県南知多町,町,中部
234460,23,446,愛知県,美浜町,愛知県美浜町,町,中部
234478,23,447,愛知県,武豊町,愛知県武豊町,町,中部
235016,23,501,愛知県,幸田町,愛知県幸田町,町,中部
235610,23,561,愛知県,設楽町,愛知県設楽町,町,中部
235628,23,562,愛知県,東栄町,愛知県東栄町,町,中部
235636,23,563,愛知県,豊根村,愛知県豊根村,村,中部
240001,24,0,三重県,,三重県,都道府県,近畿
242012,24,201,三重県,津市,三重県津市,市,近畿
242021,24,202,三重県,四日市市,三重県四日市市,市,近畿
242039,24,203,三重県,伊勢市,三重県伊勢市,市,近畿
242047,24,204,三重県,松阪市,三重県松阪市,市,近畿
242055,24,205,三重県,桑名市,三重県桑名市,市,近畿
242071,24,207,三重県,鈴鹿市,三重県鈴鹿市,市,近畿
242080,24,208,三重県,名張市,三重県名張市,市,近畿
242098,24,209,三重県,尾鷲市,三重県尾鷲市,市,近畿
242101,24,210,三重県,亀山市,三重県亀山市,市,近畿
242110,24,211,三重県,鳥羽市,三重県鳥羽市,市,近畿
242128,24,212,三重県,熊野市,三重県熊野市,市,近畿
242144,24,214,三重県,いなべ市,三重県いなべ市,市,近畿
242152,24,215,三重県,志摩市,三重県志摩市,市,近畿
242161,24,216,三重県,伊賀市,三重県伊賀市,市,近畿
243035,24,303,三重県,木曽岬町,三重県木曽岬町,町,近畿
243248,24,324,三重県,東員町,三重県東員町,町,近畿
243418,24,341,三重県,菰野町,三重県菰野町,町,近畿
243434,24,343,三重県,朝日町,三重県朝日町,町,近畿
243442,24,344,三重県,川越町,三重県川越町,町,近畿
244414,24,441,三重県,多気町,三重県多気町,町,近畿
244422,24,442,三重県,明和町,三重県明和町,町,近畿
244431,24,443,三重県,大台町,三重県大台町,町,近畿
244619,24,461,三重県,玉城町,三重県玉城町,町,近畿
244708,24,470,三重県,度会町,三重県度会町,町,近畿
244716,24,471,三重県,大紀町,三重県大紀町,町,近畿
244724,24,472,三重県,南伊勢町,三重県南伊勢町,町,近畿
245437,24,543,三重県,紀北町,三重県紀北町,町,近畿
245615,24,561,三重県,御浜町,三重県御浜町,町,近畿
245623,24,562,三重県,紀宝町,三重県紀宝町,町,近畿
250007,25,0,滋賀県,,滋賀県,都道府県,近畿
252018,25,201,滋賀県,大津市,滋賀県大津市,市,近畿
252026,25,202,滋賀県,彦根市,滋賀県彦根市,市,近畿
252034,25,203,滋賀県,長浜市,滋賀県長浜市,市,近畿
252042,25,204,滋賀県,近江八幡市,滋賀県近江八幡市,市,近畿
252069,25,206,滋賀県,草津市,滋賀県草津市,市,近畿
252077,25,207,滋賀県,守山市,滋賀県守山市,市,近畿
252085,25,208,滋賀県,栗東市,滋賀県栗東市,市,近畿
252093,25,209,滋賀県,甲賀市,滋賀県甲賀市,市,近畿
252107,25,210,滋賀県,野洲市,滋賀県野洲市,市,近畿
252115,25,211,滋賀県,湖南市,滋賀県湖南市,市,近畿
252123,25,212,滋賀県,高島市,滋賀県高島市,市,近畿
252131,25,213,滋賀県,東近江市,滋賀県東近江市,市,近畿
252140,25,214,滋賀県,米原市,滋賀県米原市,市,近畿
253839,25,383,滋賀県,日野町,滋賀県日野町,町,近畿
253847,25,384,滋賀県,竜王町,滋賀県竜王町,町,近畿
254258,25,425,滋賀県,愛荘町,滋賀県愛荘町,町,近畿
254410,25,441,滋賀県,豊郷町,滋賀県豊郷町,町,近畿
254428,25,442,滋賀県,甲良町,滋賀県甲良町,町,近畿
254436,25,443,滋賀県,多賀町,滋賀県多賀町,町,近畿
260002,26,0,京都府,,京都府,都道府県,近畿
261009,26,100,京都府,京都市,京都府京都市,市,近畿
262013,26,201,京都府,福知山市,京都府福知山市,市,近畿
262021,26,202,京都府,舞鶴市,京都府舞鶴市,市,近畿
262030,26,203,京都府,綾部市,京都府綾部市,市,近畿
262048,26,204,京都府,宇治市,京都府宇治市,市,近畿
262056,26,205,京都府,宮津市,京都府宮津市,市,近畿
262064,26,206,京都府,亀岡市,京都府亀岡市,市,近畿
262072,26,207,京都府,城陽市,京都府城陽市,市,近畿
262081,26,208,京都府,向日市,京都府向日市,市,近畿
262099,26,209,京都府,長岡京市,京都府長岡京市,市,近畿
262102,26,210,京都府,八幡市,京都府八幡市,市,近畿
262111,26,211,京都府,京田辺市,京都府京田辺市,市,近畿
262129,26,212,京都府,京丹後市,京都府京丹後市,市,近畿
262137,26,213,京都府,南丹市,京都府南丹市,市,近畿
262145,26,214,京都府,木津川市,京都府木津川市,市,近畿
263036,26,303,京都府,大山崎町,京都府大山崎町,町,近畿
263222,26,322,京都府,久御山町,京都府久御山町,町,近畿
263435,26,343,京都府,井手町,京都府井手町,町,近畿
263443,26,344,京都府,宇治田原町,京都府宇治田原町,町,近畿
263648,26,364,京都府,笠置町,京都府笠置町,町,近畿
263656,26,365,京都府,和束町,京都府和束町,町,近畿
263664,26,366,京都府,精華町,京都府精華町,町,近畿
263672,26,367,京都府,南山城村,京都府南山城村,村,近畿
264075,26,407,京都府,京丹波町,京都府京丹波町,町,近畿
264636,26,463,京都府,伊根町,京都府伊根町,町,近畿
264652,26,465,京都府,与謝野町,京都府与謝野町,町,近畿
270008,27,0,大阪府,,大阪府,都道府県,近畿
271004,27,100,大阪府,大阪市,大阪府大阪市,市,近畿
271403,27,140,大阪府,堺市,大阪府堺市,市,近畿
272027,27,202,大阪府,岸和田市,大阪府岸和田市,市,近畿
272035,27,203,大阪府,豊中市,大阪府豊中市,市,近畿
272043,27,204,大阪府,池田市,大阪府池田市,市,近畿
272051,27,205,大阪府,吹田市,大阪府吹田市,市,近畿
272060,27,206,大阪府,泉大津市,大阪府泉大津市,市,近畿
272078,27,207,大阪府,高槻市,大阪府高槻市,市,近畿
272086,27,208,大阪府,貝塚市,大阪府貝塚市,市,近畿
272094,27,209,大阪府,守口市,大阪府守口市,市,近畿
272108,27,210,大阪府,枚方市,大阪府枚方市,市,近畿
272116,27,211,大阪府,茨木市,大阪府茨木市,市,近畿
272124,27,212,大阪府,八尾市,大阪府八尾市,市,近畿
272132,27,213,大阪府,泉佐野市,大阪府泉佐野市,市,近畿
272141,27,214,大阪府,富田林市,大阪府富田林市,市,近畿
272159,27,215,大阪府,寝屋川市,大阪府寝屋川市,市,近畿
272167,27,216,大阪府,河内長野市,大阪府河内長野市,市,近畿
272175,27,217,大阪府,松原市,大阪府松原市,市,近畿
272183,27,218,大阪府,大東市,大阪府大東市,市,近畿
272191,27,219,大阪府,和泉市,大阪府和泉市,市,近畿
272205,27,220,大阪府,箕面市,大阪府箕面市,市,近畿
272213,27,221,大阪府,柏原市,大阪府柏原市,市,近畿
272221,27,222,大阪府,羽曳野市,大阪府羽曳野市,市,近畿
272230,27,223,大阪府,門真市,大阪府門真市,市,近畿
272248,27,224,大阪府,摂津市,大阪府摂津市,市,近畿
272256,27,225,大阪府,高石市,大阪府高石市,市,近畿
272264,27,226,大阪府,藤井寺市,大阪府藤井寺市,市,近畿
272272,27,227,大阪府,東大阪市,大阪府東大阪市,市,近畿
272281,27,228,大阪府,泉南市,大阪府泉南市,市,近畿
272299,27,229,大阪府,四條畷市,大阪府四條畷市,市,近畿
272302,27,230,大阪府,交野市,大阪府交野市,市,近畿
272311,27,231,大阪府,大阪狭山市,大阪府大阪狭山市,市,近畿
272329,27,232,大阪府,阪南市,大阪府阪南市,市,近畿
273015,27,301,大阪府,島本町,大阪府島本町,町,近畿
273210,27,321,大阪府,豊能町,大阪府豊能町,町,近畿
273228,27,322,大阪府,能勢町,大阪府能勢町,町,近畿
273414,27,341,大阪府,忠岡町,大阪府忠岡町,町,近畿
273619,27,361,大阪府,熊取町,大阪府熊取町,町,近畿
273627,27,362,大阪府,田尻町,大阪府田尻町,町,近畿
273660,27,366,大阪府,岬町,大阪府岬町,町,近畿
273813,27,381,大阪府,太子町,大阪府太子町,町,近畿
273821,27,382,大阪府,河南町,大阪府河南町,町,近畿
273830,27,383,大阪府,千早赤阪村,大阪府千早赤阪村,村,近畿
280003,28,0,兵庫県,,兵庫県,都道府県,近畿
281000,28,100,兵庫県,神戸市,兵庫県神戸市,市,近畿
282014,28,201,兵庫県,姫路市,兵庫県姫路市,市,近畿
282022,28,202,兵庫県,尼崎市,兵庫県尼崎市,市,近畿
282031,28,203,兵庫県,明石市,兵庫県明石市,市,近畿
282049,28,204,兵庫県,西宮市,兵庫県西宮市,市,近畿
282057,28,205,兵庫県,洲本市,兵庫県洲本市,市,近畿
282065,28,206,兵庫県,芦屋市,兵庫県芦屋市,市,近畿
282073,28,207,兵庫県,伊丹市,兵庫県伊丹市,市,近畿
282081,28,208,兵庫県,相生市,兵庫県相生市,市,近畿
282090,28,209,兵庫県,豊岡市,兵庫県豊岡市,市,近畿
282103,28,210,兵庫県,加古川市,兵庫県加古川市,市,近畿
282120,28,212,兵庫県,赤穂市,兵庫県赤穂市,市,近畿
282138,28,213,兵庫県,西脇市,兵庫県西脇市,市,近畿
282146,28,214,兵庫県,宝塚市,兵庫県宝塚市,市,近畿
282154,28,215,兵庫県,三木市,兵庫県三木市,市,近畿
282162,28,216,兵庫県,高砂市,兵庫県高砂市,市,近畿
282171,28,217,兵庫県,川西市,兵庫県川西市,市,近畿
282189,28,218,兵庫県,小野市,兵庫県小野市,市,近畿
282197,28,219,兵庫県,三田市,兵庫県三田市,市,近畿
282201,28,220,兵庫県,加西市,兵庫県加西市,市,近畿
282219,28,221,兵庫県,丹波篠山市,兵庫県丹波篠山市,市,近畿
282227,28,222,兵庫県,養父市,兵庫県養父市,市,近畿
282235,28,223,兵庫県,丹波市,兵庫県丹波市,市,近畿
282243,28,224,兵庫県,南あわじ市,兵庫県南あわじ市,市,近畿
282251,28,225,兵庫県,朝来市,兵庫県朝来市,市,近畿
282260,28,226,兵庫県,淡路市,兵庫県淡路市,市,近畿
282278,28,227,兵庫県,宍粟市,兵庫県宍粟市,市,近畿
282286,28,228,兵庫県,加東市,兵庫県加東市,市,近畿
282294,28,229,兵庫県,たつの市,兵庫県たつの市,市,近畿
283011,28,301,兵庫県,猪名川町,兵庫県猪名川町,町,近畿
283657,28,365,兵庫県,多可町,兵庫県多可町,町,近畿
283819,28,381,兵庫県,稲美町,兵庫県稲美町,町,近畿
283827,28,382,兵庫県,播磨町,兵庫県播磨町,町,近畿
284424,28,442,兵庫県,市川町,兵庫県市川町,町,近畿
284432,28,443,兵庫県,福崎町,兵庫県福崎町,町,近畿
284467,28,446,兵庫県,神河町,兵庫県神河町,町,近畿
284645,28,464,兵庫県,太子町,兵庫県太子町,町,近畿
284815,28,481,兵庫県,上郡町,兵庫県上郡町,町,近畿
285013,28,501,兵庫県,佐用町,兵庫県佐用町,町,近畿
285854,28,585,兵庫県,香美町,兵庫県香美町,町,近畿
285862,28,586,兵庫県,新温泉町,兵庫県新温泉町,町,近畿
290009,29,0,奈良県,,奈良県,都道府県,近畿
292010,29,201,奈良県,奈良市,奈良県奈良市,市,近畿
292028,29,202,奈良県,大和高田市,奈良県大和高田市,市,近畿
292036,29,203,奈良県,大和郡山市,奈良県大和郡山市,市,近畿
292044,29,204,奈良県,天理市,奈良県天理市,市,近畿
292052,29,205,奈良県,橿原市,奈良県橿原市,市,近畿
292061,29,206,奈良県,桜井市,奈良県桜井市,市,近畿
292079,29,207,奈良県,五條市,奈良県五條市,市,近畿
292087,29,208,奈良県,御所市,奈良県御所市,市,近畿
292095,29,209,奈良県,生駒市,奈良県生駒市,市,近畿
292109,29,210,奈良県,香芝市,奈良県香芝市,市,近畿
292117,29,211,奈良県,葛城市,奈良県葛城市,市,近畿
292125,29,212,奈良県,宇陀市,奈良県宇陀市,市,近畿
293229,29,322,奈良県,山添村,奈良県山添村,村,近畿
293423,29,342,奈良県,平群町,奈良県平群町,町,近畿
293431,29,343,奈良県,三郷町,奈良県三郷町,町,近畿
293440,29,344,奈良県,斑鳩町,奈良県斑鳩町,町,近畿
293458,29,345,奈良県,安堵町,奈良県安堵町,町,近畿
293610,29,361,奈良県,川西町,奈良県川西町,町,近畿
293628,29,362,奈良県,三宅町,奈良県三宅町,町,近畿
293636,29,363,奈良県,田原本町,奈良県田原本町,町,近畿
293857,29,385,奈良県,曽爾村,奈良県曽爾村,村,近畿
293865,29,386,奈良県,御杖村,奈良県御杖村,村,近畿
294012,29,401,奈良県,高取町,奈良県高取町,町,近畿
294021,29,402,奈良県,明日香村,奈良県明日香村,村,近畿
294241,29,424,奈良県,上牧町,奈良県上牧町,町,近畿
294250,29,425,奈良県,王寺町,奈良県王寺町,町,近畿
294268,29,426,奈良県,広陵町,奈良県広陵町,町,近畿
294276,29,427,奈良県,河合町,奈良県河合町,町,近畿
294411,29,441,奈良県,吉野町,奈良県吉野町,町,近畿
294420,29,442,奈良県,大淀町,奈良県大淀町,町,近畿
294438,29,443,奈良県,下市町,奈良県下市町,町,近畿
294446,29,444,奈良県,黒滝村,奈良県黒滝村,村,近畿
294462,29,446,奈良県,天川村,奈良県天川村,村,近畿
294471,29,447,奈良県,野迫川村,奈良県野迫川村,村,近畿
294497,29,449,奈良県,十津川村,奈良県十津川村,村,近畿
294501,29,450,奈良県,下北山村,奈良県下北山村,村,近畿
294519,29,451,奈良県,上北山村,奈良県上北山村,村,近畿
294527,29,452,奈良県,川上村,奈良県川上村,村,近畿
294535,29,453,奈良県,東吉野村,奈良県東吉野村,村,近畿
300004,30,0,和歌山県,,和歌山県,都道府県,近畿
302015,30,201,和歌山県,和歌山市,和歌山県和歌山市,市,近畿
302023,30,202,和歌山県,海南市,和歌山県海南市,市,近畿
302031,30,203,和歌山県,橋本市,和歌山県橋本市,市,近畿
302040,30,204,和歌山県,有田市,和歌山県有田市,市,近畿
302058,30,205,和歌山県,御坊市,和歌山県御坊市,市,近畿
302066,30,206,和歌山県,田辺市,和歌山県田辺市,市,近畿
302074,30,207,和歌山県,新宮市,和歌山県新宮市,市,近畿
302082,30,208,和歌山県,紀の川市,和歌山県紀の川市,市,近畿
302091,30,209,和歌山県,岩出市,和歌山県岩出市,市,近畿
303046,30,304,和歌山県,紀美野町,和歌山県紀美野町,町,近畿
303411,30,341,和歌山県,かつらぎ町,和歌山県かつらぎ町,町,近畿
303437,30,343,和歌山県,九度山町,和歌山県九度山町,町,近畿
303445,30,344,和歌山県,高野町,和歌山県高野町,町,近畿
303615,30,361,和歌山県,湯浅町,和歌山県湯浅町,町,近畿
303623,30,362,和歌山県,広川町,和歌山県広川町,町,近畿
303666,30,366,和歌山県,有田川町,和歌山県有田川町,町,近畿
303810,30,381,和歌山県,美浜町,和歌山県美浜町,町,近畿
303828,30,382,和歌山県,日高町,和歌山県日高町,町,近畿
303836,30,383,和歌山県,由良町,和歌山県由良町,町,近畿
303909,30,390,和歌山県,印南町,和歌山県印南町,町,近畿
303917,30,391,和歌山県,みなべ町,和歌山県みなべ町,町,近畿
303925,30,392,和歌山県,日高川町,和歌山県日高川町,町,近畿
304018,30,401,和歌山県,白浜町,和歌山県白浜町,町,近畿
304042,30,404,和歌山県,上富田町,和歌山県上富田町,町,近畿
304069,30,406,和歌山県,すさみ町,和歌山県すさみ町,町,近畿
304212,30,421,和歌山県,那智勝浦町,和歌山県那智勝浦町,町,近畿
304221,30,422,和歌山県,太地町,和歌山県太地町,町,近畿
304247,30,424,和歌山県,古座川町,和歌山県古座川町,町,近畿
304271,30,427,和歌山県,北山村,和歌山県北山村,村,近畿
304280,30,428,和歌山県,串本町,和歌山県串本町,町,近畿
310000,31,0,鳥取県,,鳥取県,都道府県,中国
312011,31,201,鳥取県,鳥取市,鳥取県鳥取市,市,中国
312029,31,202,鳥取県,米子市,鳥取県米子市,市,中国
312037,31,203,鳥取県,倉吉市,鳥取県倉吉市,市,中国
312045,31,204,鳥取県,境港市,鳥取県境港市,市,中国
313025,31,302,鳥取県,岩美町,鳥取県岩美町,町,中国
313254,31,325,鳥取県,若桜町,鳥取県若桜町,町,中国
313289,31,328,鳥取県,智頭町,鳥取県智頭町,町,中国
313297,31,329,鳥取県,八頭町,鳥取県八頭町,町,中国
313645,31,364,鳥取県,三朝町,鳥取県三朝町,町,中国
313700,31,370,鳥取県,湯梨浜町,鳥取県湯梨浜町,町,中国
313718,31,371,鳥取県,琴浦町,鳥取県琴浦町,町,中国
313726,31,372,鳥取県,北栄町,鳥取県北栄町,町,中国
313840,31,384,鳥取県,日吉津村,鳥取県日吉津村,村,中国
313866,31,386,鳥取県,大山町,鳥取県大山町,町,中国
313891,31,389,鳥取県,南部町,鳥取県南部町,町,中国
313904,31,390,鳥取県,伯耆町,鳥取県伯耆町,町,中国
314013,31,401,鳥取県,日南町,鳥取県日南町,町,中国
314021,31,402,鳥取県,日野町,鳥取県日野町,町,中国
314030,31,403,鳥取県,江府町,鳥取県江府町,町,中国
320005,32,0,島根県,,島根県,都道府県,中国
322016,32,201,島根県,松江市,島根県松江市,市,中国
322024,32,202,島根県,浜田市,島根県浜田市,市,中国
322032,32,203,島根県,出雲市,島根県出雲市,市,中国
322041,32,204,島根県,益田市,島根県益田市,市,中国
322059,32,205,島根県,大田市,島根県大田市,市,中国
322067,32,206,島根県,安来市,島根県安来市,市,中国
322075,32,207,島根県,江津市,島根県江津市,市,中国
322091,32,209,島根県,雲南市,島根県雲南市,市,中国
323438,32,343,島根県,奥出雲町,島根県奥出雲町,町,中国
323861,32,386,島根県,飯南町,島根県飯南町,町,中国
324418,32,441,島根県,川本町,島根県川本町,町,中国
324485,32,448,島根県,美郷町,島根県美郷町,町,中国
324493,32,449,島根県,邑南町,島根県邑南町,町,中国
325015,32,501,島根県,津和野町,島根県津和野町,町,中国
325058,32,505,島根県,吉賀町,島根県吉賀町,町,中国
325252,32,525,島根県,海士町,島根県海士町,町,中国
325261,32,526,島根県,西ノ島町,島根県西ノ島町,町,中国
325279,32,527,島根県,知夫村,島根県知夫村,村,中国
325287,32,528,島根県,隠岐の島町,島根県隠岐の島町,町,中国
330001,33,0,岡山県,,岡山県,都道府県,中国
331007,33,100,岡山県,岡山市,岡山県岡山市,市,中国
332020,33,202,岡山県,倉敷市,岡山県倉敷市,市,中国
332038,33,203,岡山県,津山市,岡山県津山市,市,中国
332046,33,204,岡山県,玉野市,岡山県玉野市,市,中国
332054,33,205,岡山県,笠岡市,岡山県笠岡市,市,中国
332071,33,207,岡山県,井原市,岡山県井原市,市,中国
332089,33,208,岡山県,総社市,岡山県総社市,市,中国
332097,33,209,岡山県,高梁市,岡山県高梁市,市,中国
332101,33,210,岡山県,新見市,岡山県新見市,市,中国
332119,33,211,岡山県,備前市,岡山県備前市,市,中国
332127,33,212,岡山県,瀬戸内市,岡山県瀬戸内市,市,中国
332135,33,213,岡山県,赤磐市,岡山県赤磐市,市,中国
332143,33,214,岡山県,真庭市,岡山県真庭市,市,中国
332151,33,215,岡山県,美作市,岡山県美作市,市,中国
332160,33,216,岡山県,浅口市,岡山県浅口市,市,中国
333468,33,346,岡山県,和気町,岡山県和気町,町,中国
334235,33,423,岡山県,早島町,岡山県早島町,町,中国
334456,33,445,岡山県,里庄町,岡山県里庄町,町,中国
334618,33,461,岡山県,矢掛町,岡山県矢掛町,町,中国
335860,33,586,岡山県,新庄村,岡山県新庄村,村,中国
336068,33,606,岡山県,鏡野町,岡山県鏡野町,町,中国
336220,33,622,岡山県,勝央町,岡山県勝央町,町,中国
336238,33,623,岡山県,奈義町,岡山県奈義町,町,中国
336432,33,643,岡山県,西粟倉村,岡山県西粟倉村,村,中国
336637,33,663,岡山県,久米南町,岡山県久米南町,町,中国
336661,33,666,岡山県,美咲町,岡山県美咲町,町,中国
336815,33,681,岡山県,吉備中央町,岡山県吉備中央町,町,中国
340006,34,0,広島県,,広島県,都道府県,中国
341002,34,100,広島県,広島市,広島県広島市,市,中国
342025,34,202,広島県,呉市,広島県呉市,市,中国
342033,34,203,広島県,竹原市,広島県竹原市,市,中国
342041,34,204,広島県,三原市,広島県三原市,市,中国
342050,34,205,広島県,尾道市,広島県尾道市,市,中国
342076,34,207,広島県,福山市,広島県福山市,市,中国
342084,34,208,広島県,府中市,広島県府中市,市,中国
342092,34,209,広島県,三次市,広島県三次市,市,中国
342106,34,210,広島県,庄原市,広島県庄原市,市,中国
342114,34,211,広島県,大竹市,広島県大竹市,市,中国
342122,34,212,広島県,東広島市,広島県東広島市,市,中国
342131,34,213,広島県,廿日市市,広島県廿日市市,市,中国
342149,34,214,広島県,安芸高田市,広島県安芸高田市,市,中国
342157,34,215,広島県,江田島市,広島県江田島市,市,中国
343021,34,302,広島県,府中町,広島県府中町,町,中国
343048,34,304,広島県,海田町,広島県海田町,町,中国
343072,34,307,広島県,熊野町,広島県熊野町,町,中国
343099,34,309,広島県,坂町,広島県坂町,町,中国
343684,34,368,広島県,安芸太田町,広島県安芸太田町,町,中国
343692,34,369,広島県,北広島町,広島県北広島町,町,中国
344311,34,431,広島県,大崎上島町,広島県大崎上島町,町,中国
344621,34,462,広島県,世羅町,広島県世羅町,町,中国
345458,34,545,広島県,神石高原町,広島県神石高原町,町,中国
350001,35,0,山口県,,山口県,都道府県,中国
352012,35,201,山口県,下関市,山口県下関市,市,中国
352021,35,202,山口県,宇部市,山口県宇部市,市,中国
352039,35,203,山口県,山口市,山口県山口市,市,中国
352047,35,204,山口県,萩市,山口県萩市,市,中国
352063,35,206,山口県,防府市,山口県防府市,市,中国
352071,35,207,山口県,下松市,山口県下松市,市,中国
352080,35,208,山口県,岩国市,山口県岩国市,市,中国
352101,35,210,山口県,光市,山口県光市,市,中国
352110,35,211,山口県,長門市,山口県長門市,市,中国
352128,35,212,山口県,柳井市,山口県柳井市,市,中国
352136,35,213,山口県,美祢市,山口県美祢市,市,中国
352152,35,215,山口県,周南市,山口県周南市,市,中国
352161,35,216,山口県,山陽小野田市,山口県山陽小野田市,市,中国
353051,35,305,山口県,周防大島町,山口県周防大島町,町,中国
353213,35,321,山口県,和木町,山口県和木町,町,中国
353418,35,341,山口県,上関町,山口県上関町,町,中国
353434,35,343,山口県,田布施町,山口県田布施町,町,中国
353442,35,344,山口県,平生町,山口県平生町,町,中国
355020,35,502,山口県,阿武町,山口県阿武町,町,中国
360007,36,0,徳島県,,徳島県,都道府県,四国
362018,36,201,徳島県,徳島市,徳島県徳島市,市,四国
362026,36,202,徳島県,鳴門市,徳島県鳴門市,市,四国
362034,36,203,徳島県,小松島市,徳島県小松島市,市,四国
362042,36,204,徳島県,阿南市,徳島県阿南市,市,四国
362051,36,205,徳島県,吉野川市,徳島県吉野川市,市,四国
362069,36,206,徳島県,阿波市,徳島県阿波市,市,四国
362077,36,207,徳島県,美馬市,徳島県美馬市,市,四国
362085,36,208,徳島県,三好市,徳島県三好市,市,四国
363014,36,301,徳島県,勝浦町,徳島県勝浦町,町,四国
363022,36,302,徳島県,上勝町,徳島県上勝町,町,四国
363219,36,321,徳島県,佐那河内村,徳島県佐那河内村,村,四国
363413,36,341,徳島県,石井町,徳島県石井町,町,四国
363421,36,342,徳島県,神山町,徳島県神山町,町,四国
363685,36,368,徳島県,那賀町,徳島県那賀町,町,四国
363839,36,383,徳島県,牟岐町,徳島県牟岐町,町,四国
363871,36,387,徳島県,美波町,徳島県美波町,町,四国
363880,36,388,徳島県,海陽町,徳島県海陽町,町,四国
364011,36,401,徳島県,松茂町,徳島県松茂町,町,四国
364029,36,402,徳島県,北島町,徳島県北島町,町,四国
364037,36,403,徳島県,藍住町,徳島県藍住町,町,四国
364045,36,404,徳島県,板野町,徳島県板野町,町,四国
364053,36,405,徳島県,上板町,徳島県上板町,町,四国
364681,36,468,徳島県,つるぎ町,徳島県つるぎ町,町,四国
364894,36,489,徳島県,東みよし町,徳島県東みよし町,町,四国
370002,37,0,香川県,,香川県,都道府県,四国
372013,37,201,香川県,高松市,香川県高松市,市,四国
372021,37,202,香川県,丸亀市,香川県丸亀市,市,四国
372030,37,203,香川県,坂出市,香川県坂出市,市,四国
372048,37,204,香川県,善通寺市,香川県善通寺市,市,四国
372056,37,205,香川県,観音寺市,香川県観音寺市,市,四国
372064,37,206,香川県,さぬき市,香川県さぬき市,市,四国
372072,37,207,香川県,東かがわ市,香川県東かがわ市,市,四国
372081,37,208,香川県,三豊市,香川県三豊市,市,四国
373222,37,322,香川県,土庄町,香川県土庄町,町,四国
373249,37,324,香川県,小豆島町,香川県小豆島町,町,四国
373419,37,341,香川県,三木町,香川県三木町,町,四国
373648,37,364,香川県,直島町,香川県直島町,町,四国
373869,37,386,香川県,宇多津町,香川県宇多津町,町,四国
373877,37,387,香川県,綾川町,香川県綾川町,町,四国
374032,37,403,香川県,琴平町,香川県琴平町,町,四国
374041,37,404,香川県,多度津町,香川県多度津町,町,四国
374067,37,406,香川県,まんのう町,香川県まんのう町,町,四国
380008,38,0,愛媛県,,愛媛県,都道府県,四国
382019,38,201,愛媛県,松山市,愛媛県松山市,市,四国
382027,38,202,愛媛県,今治市,愛媛県今治市,市,四国
382035,38,203,愛媛県,宇和島市,愛媛県宇和島市,市,四国
382043,38,204,愛媛県,八幡浜市,愛媛県八幡浜市,市,四国
382051,38,205,愛媛県,新居浜市,愛媛県新居浜市,市,四国
382060,38,206,愛媛県,西条市,愛媛県西条市,市,四国
382078,38,207,愛媛県,大洲市,愛媛県大洲市,市,四国
382108,38,210,愛媛県,伊予市,愛媛県伊予市,市,四国
382132,38,213,愛媛県,四国中央市,愛媛県四国中央市,市,四国
382141,38,214,愛媛県,西予市,愛媛県西予市,市,四国
382159,38,215,愛媛県,東温市,愛媛県東温市,市,四国
383562,38,356,愛媛県,上島町,愛媛県上島町,町,四国
383864,38,386,愛媛県,久万高原町,愛媛県久万高原町,町,四国
384011,38,401,愛媛県,松前町,愛媛県松前町,町,四国
384020,38,402,愛媛県,砥部町,愛媛県砥部町,町,四国
384224,38,422,愛媛県,内子町,愛媛県内子町,町,四国
384429,38,442,愛媛県,伊方町,愛媛県伊方町,町,四国
384844,38,484,愛媛県,松野町,愛媛県松野町,町,四国
384887,38,488,愛媛県,鬼北町,愛媛県鬼北町,町,四国
385069,38,506,愛媛県,愛南町,愛媛県愛南町,町,四国
390003,39,0,高知県,,高知県,都道府県,四国
392014,39,201,高知県,高知市,高知県高知市,市,四国
392022,39,202,高知県,室戸市,高知県室戸市,市,四国
392031,39,203,高知県,安芸市,高知県安芸市,市,四国
392049,39,204,高知県,南国市,高知県南国市,市,四国
392057,39,205,高知県,土佐市,高知県土佐市,市,四国
392065,39,206,高知県,須崎市,高知県須崎市,市,四国
392081,39,208,高知県,宿毛市,高知県宿毛市,市,四国
392090,39,209,高知県,土佐清水市,高知県土佐清水市,市,四国
392103,39,210,高知県,四万十市,高知県四万十市,市,四国
392111,39,211,高知県,香南市,高知県香南市,市,四国
392120,39,212,高知県,香美市,高知県香美市,市,四国
393011,39,301,高知県,東洋町,高知県東洋町,町,四国
393029,39,302,高知県,奈半利町,高知県奈半利町,町,四国
393037,39,303,高知県,田野町,高知県田野町,町,四国
393045,39,304,高知県,安田町,高知県安田町,町,四国
393053,39,305,高知県,北川村,高知県北川村,村,四国
393061,39,306,高知県,馬路村,高知県馬路村,村,四国
393070,39,307,高知県,芸西村,高知県芸西村,村,四国
393410,39,341,高知県,本山町,高知県本山町,町,四国
393444,39,344,高知県,大豊町,高知県大豊町,町,四国
393631,39,363,高知県,土佐町,高知県土佐町,町,四国
393649,39,364,高知県,大川村,高知県大川村,村,四国
393860,39,386,高知県,いの町,高知県いの町,町,四国
393878,39,387,高知県,仁淀川町,高知県仁淀川町,町,四国
394017,39,401,高知県,中土佐町,高知県中土佐町,町,四国
394025,39,402,高知県,佐川町,高知県佐川町,町,四国
394033,39,403,高知県,越知町,高知県越知町,町,四国
394050,39,405,高知県,梼原町,高知県梼原町,町,四国
394106,39,410,高知県,日高村,高知県日高村,村,四国
394114,39,411,高知県,津野町,高知県津野町,町,四国
394122,39,412,高知県,四万十町,高知県四万十町,町,四国
394246,39,424,高知県,大月町,高知県大月町,町,四国
394271,39,427,高知県,三原村,高知県三原村,村,四国
394289,39,428,高知県,黒潮町,高知県黒潮町,町,四国
400009,40,0,福岡県,,福岡県,都道府県,九州
401005,40,100,福岡県,北九州市,福岡県北九州市,市,九州
401307,40,130,福岡県,福岡市,福岡県福岡市,市,九州
402028,40,202,福岡県,大牟田市,福岡県大牟田市,市,九州
402036,40,203,福岡県,久留米市,福岡県久留米市,市,九州
402044,40,204,福岡県,直方市,福岡県直方市,市,九州
402052,40,205,福岡県,飯塚市,福岡県飯塚市,市,九州
402061,40,206,福岡県,田川市,福岡県田川市,市,九州
402079,40,207,福岡県,柳川市,福岡県柳川市,市,九州
402109,40,210,福岡県,八女市,福岡県八女市,市,九州
402117,40,211,福岡県,筑後市,福岡県筑後市,市,九州
402125,40,212,福岡県,大川市,福岡県大川市,市,九州
402133,40,213,福岡県,行橋市,福岡県行橋市,市,九州
402141,40,214,福岡県,豊前市,福岡県豊前市,市,九州
402150,40,215,福岡県,中間市,福岡県中間市,市,九州
402168,40,216,福岡県,小郡市,福岡県小郡市,市,九州
402176,40,217,福岡県,筑紫野市,福岡県筑紫野市,市,九州
402184,40,218,福岡県,春日市,福岡県春日市,市,九州
402192,40,219,福岡県,大野城市,福岡県大野城市,市,九州
402206,40,220,福岡県,宗像市,福岡県宗像市,市,九州
402214,40,221,福岡県,太宰府市,福岡県太宰府市,市,九州
402231,40,223,福岡県,古賀市,福岡県古賀市,市,九州
402249,40,224,福岡県,福津市,福岡県福津市,市,九州
402257,40,225,福岡県,うきは市,福岡県うきは市,市,九州
402265,40,226,福岡県,宮若市,福岡県宮若市,市,九州
402273,40,227,福岡県,嘉麻市,福岡県嘉麻市,市,九州
402281,40,228,福岡県,朝倉市,福岡県朝倉市,市,九州
402290,40,229,福岡県,みやま市,福岡県みやま市,市,九州
402303,40,230,福岡県,糸島市,福岡県糸島市,市,九州
402311,40,231,福岡県,那珂川市,福岡県那珂川市,市,九州
403415,40,341,福岡県,宇美町,福岡県宇美町,町,九州
403423,40,342,福岡県,篠栗町,福岡県篠栗町,町,九州
403431,40,343,福岡県,志免町,福岡県志免町,町,九州
403440,40,344,福岡県,須恵町,福岡県須恵町,町,九州
403458,40,345,福岡県,新宮町,福岡県新宮町,町,九州
403482,40,348,福岡県,久山町,福岡県久山町,町,九州
403491,40,349,福岡県,粕屋町,福岡県粕屋町,町,九州
403814,40,381,福岡県,芦屋町,福岡県芦屋町,町,九州
403822,40,382,福岡県,水巻町,福岡県水巻町,町,九州
403831,40,383,福岡県,岡垣町,福岡県岡垣町,町,九州
403849,40,384,福岡県,遠賀町,福岡県遠賀町,町,九州
404012,40,401,福岡県,小竹町,福岡県小竹町,町,九州
404021,40,402,福岡県,鞍手町,福岡県鞍手町,町,九州
404217,40,421,福岡県,桂川町,福岡県桂川町,町,九州
404471,40,447,福岡県,筑前町,福岡県筑前町,町,九州
404489,40,448,福岡県,東峰村,福岡県東峰村,村,九州
405035,40,503,福岡県,大刀洗町,福岡県大刀洗町,町,九州
405221,40,522,福岡県,大木町,福岡県大木町,町,九州
405442,40,544,福岡県,広川町,福岡県広川町,町,九州
406015,40,601,福岡県,香春町,福岡県香春町,町,九州
406023,40,602,福岡県,添田町,福岡県添田町,町,九州
406040,40,604,福岡県,糸田町,福岡県糸田町,町,九州
406058,40,605,福岡県,川崎町,福岡県川崎町,町,九州
406082,40,608,福岡県,大任町,福岡県大任町,町,九州
406091,40,609,福岡県,赤村,福岡県赤村,村,九州
406104,40,610,福岡県,福智町,福岡県福智町,町,九州
406210,40,621,福岡県,苅田町,福岡県苅田町,町,九州
406252,40,625,福岡県,みやこ町,福岡県みやこ町,町,九州
406422,40,642,福岡県,吉富町,福岡県吉富町,町,九州
406465,40,646,福岡県,上毛町,福岡県上毛町,町,九州
406473,40,647,福岡県,築上町,福岡県築上町,町,九州
410004,41,0,佐賀県,,佐賀県,都道府県,九州
412015,41,201,佐賀県,佐賀市,佐賀県佐賀市,市,九州
412023,41,202,佐賀県,唐津市,佐賀県唐津市,市,九州
412031,41,203,佐賀県,鳥栖市,佐賀県鳥栖市,市,九州
412040,41,204,佐賀県,多久市,佐賀県多久市,市,九州
412058,41,205,佐賀県,伊万里市,佐賀県伊万里市,市,九州
412066,41,206,佐賀県,武雄市,佐賀県武雄市,市,九州
412074,41,207,佐賀県,鹿島市,佐賀県鹿島市,市,九州
412082,41,208,佐賀県,小城市,佐賀県小城市,市,九州
412091,41,209,佐賀県,嬉野市,佐賀県嬉野市,市,九州
412104,41,210,佐賀県,神埼市,佐賀県神埼市,市,九州
413275,41,327,佐賀県,吉野ヶ里町,佐賀県吉野ヶ里町,町,九州
413411,41,341,佐賀県,基山町,佐賀県基山町,町,九州
413453,41,345,佐賀県,上峰町,佐賀県上峰町,町,九州
413461,41,346,佐賀県,みやき町,佐賀県みやき町,町,九州
413879,41,387,佐賀県,玄海町,佐賀県玄海町,町,九州
414018,41,401,佐賀県,有田町,佐賀県有田町,町,九州
414239,41,423,佐賀県,大町町,佐賀県大町町,町,九州
414247,41,424,佐賀県,江北町,佐賀県江北町,町,九州
414255,41,425,佐賀県,白石町,佐賀県白石町,町,九州
414417,41,441,佐賀県,太良町,佐賀県太良町,町,九州
420000,42,0,長崎県,,長崎県,都道府県,九州
422011,42,201,長崎県,長崎市,長崎県長崎市,市,九州
422029,42,202,長崎県,佐世保市,長崎県佐世保市,市,九州
422037,42,203,長崎県,島原市,長崎県島原市,市,九州
422045,42,204,長崎県,諫早市,長崎県諫早市,市,九州
422053,42,205,長崎県,大村市,長崎県大村市,市,九州
422070,42,207,長崎県,平戸市,長崎県平戸市,市,九州
422088,42,208,長崎県,松浦市,長崎県松浦市,市,九州
422096,42,209,長崎県,対馬市,長崎県対馬市,市,九州
422100,42,210,長崎県,壱岐市,長崎県壱岐市,市,九州
422118,42,211,長崎県,五島市,長崎県五島市,市,九州
422126,42,212,長崎県,西海市,長崎県西海市,市,九州
422134,42,213,長崎県,雲仙市,長崎県雲仙市,市,九州
422142,42,214,長崎県,南島原市,長崎県南島原市,市,九州
423076,42,307,長崎県,長与町,長崎県長与町,町,九州
423084,42,308,長崎県,時津町,長崎県時津町,町,九州
423211,42,321,長崎県,東彼杵町,長崎県東彼杵町,町,九州
423220,42,322,長崎県,川棚町,長崎県川棚町,町,九州
423238,42,323,長崎県,波佐見町,長崎県波佐見町,町,九州
423831,42,383,長崎県,小値賀町,長崎県小値賀町,町,九州
423912,42,391,長崎県,佐々町,長崎県佐々町,町,九州
424111,42,411,長崎県,新上五島町,長崎県新上五島町,町,九州
430005,43,0,熊本県,,熊本県,都道府県,九州
431001,43,100,熊本県,熊本市,熊本県熊本市,市,九州
432024,43,202,熊本県,八代市,熊本県八代市,市,九州
432032,43,203,熊本県,人吉市,熊本県人吉市,市,九州
432041,43,204,熊本県,荒尾市,熊本県荒尾市,市,九州
432059,43,205,熊本県,水俣市,熊本県水俣市,市,九州
432067,43,206,熊本県,玉名市,熊本県玉名市,市,九州
432083,43,208,熊本県,山鹿市,熊本県山鹿市,市,九州
432105,43,210,熊本県,菊池市,熊本県菊池市,市,九州
432113,43,211,熊本県,宇土市,熊本県宇土市,市,九州
432121,43,212,熊本県,上天草市,熊本県上天草市,市,九州
432130,43,213,熊本県,宇城市,熊本県宇城市,市,九州
432148,43,214,熊本県,阿蘇市,熊本県阿蘇市,市,九州
432156,43,215,熊本県,天草市,熊本県天草市,市,九州
432164,43,216,熊本県,合志市,熊本県合志市,市,九州
433489,43,348,熊本県,美里町,熊本県美里町,町,九州
433641,43,364,熊本県,玉東町,熊本県玉東町,町,九州
433675,43,367,熊本県,南関町,熊本県南関町,町,九州
433683,43,368,熊本県,長洲町,熊本県長洲町,町,九州
433691,43,369,熊本県,和水町,熊本県和水町,町,九州
434035,43,403,熊本県,大津町,熊本県大津町,町,九州
434043,43,404,熊本県,菊陽町,熊本県菊陽町,町,九州
434230,43,423,熊本県,南小国町,熊本県南小国町,町,九州
434248,43,424,熊本県,小国町,熊本県小国町,町,九州
434256,43,425,熊本県,産山村,熊本県産山村,村,九州
434281,43,428,熊本県,高森町,熊本県高森町,町,九州
434329,43,432,熊本県,西原村,熊本県西原村,村,九州
434337,43,433,熊本県,南阿蘇村,熊本県南阿蘇村,村,九州
434418,43,441,熊本県,御船町,熊本県御船町,町,九州
434426,43,442,熊本県,嘉島町,熊本県嘉島町,町,九州
434434,43,443,熊本県,益城町,熊本県益城町,町,九州
434442,43,444,熊本県,甲佐町,熊本県甲佐町,町,九州
434477,43,447,熊本県,山都町,熊本県山都町,町,九州
434680,43,468,熊本県,氷川町,熊本県氷川町,町,九州
434825,43,482,熊本県,芦北町,熊本県芦北町,町,九州
434841,43,484,熊本県,津奈木町,熊本県津奈木町,町,九州
435015,43,501,熊本県,錦町,熊本県錦町,町,九州
435058,43,505,熊本県,多良木町,熊本県多良木町,町,九州
435066,43,506,熊本県,湯前町,熊本県湯前町,町,九州
435074,43,507,熊本県,水上村,熊本県水上村,村,九州
435104,43,510,熊本県,相良村,熊本県相良村,村,九州
435112,43,511,熊本県,五木村,熊本県五木村,村,九州
435121,43,512,熊本県,山江村,熊本県山江村,村,九州
435139,43,513,熊本県,球磨村,熊本県球磨村,村,九州
435147,43,514,熊本県,あさぎり町,熊本県あさぎり町,町,九州
435317,43,531,熊本県,苓北町,熊本県苓北町,町,九州
440001,44,0,大分県,,大分県,都道府県,九州
442011,44,201,大分県,大分市,大分県大分市,市,九州
442020,44,202,大分県,別府市,大分県別府市,市,九州
442038,44,203,大分県,中津市,大分県中津市,市,九州
442046,44,204,大分県,日田市,大分県日田市,市,九州
442054,44,205,大分県,佐伯市,大分県佐伯市,市,九州
442062,44,206,大分県,臼杵市,大分県臼杵市,市,九州
442071,44,207,大分県,津久見市,大分県津久見市,市,九州
442089,44,208,大分県,竹田市,大分県竹田市,市,九州
442097,44,209,大分県,豊後高田市,大分県豊後高田市,市,九州
442101,44,210,大分県,杵築市,大分県杵築市,市,九州
442119,44,211,大分県,宇佐市,大分県宇佐市,市,九州
442127,44,212,大分県,豊後大野市,大分県豊後大野市,市,九州
442135,44,213,大分県,由布市,大分県由布市,市,九州
442143,44,214,大分県,国東市,大分県国東市,市,九州
443221,44,322,大分県,姫島村,大分県姫島村,村,九州
443417,44,341,大分県,日出町,大分県日出町,町,九州
444618,44,461,大分県,九重町,大分県九重町,町,九州
444626,44,462,大分県,玖珠町,大分県玖珠町,町,九州
450006,45,0,宮崎県,,宮崎県,都道府県,九州
452017,45,201,宮崎県,宮崎市,宮崎県宮崎市,市,九州
452025,45,202,宮崎県,都城市,宮崎県都城市,市,九州
452033,45,203,宮崎県,延岡市,宮崎県延岡市,市,九州
452041,45,204,宮崎県,日南市,宮崎県日南市,市,九州
452050,45,205,宮崎県,小林市,宮崎県小林市,市,九州
452068,45,206,宮崎県,日向市,宮崎県日向市,市,九州
452076,45,207,宮崎県,串間市,宮崎県串間市,市,九州
452084,45,208,宮崎県,西都市,宮崎県西都市,市,九州
452092,45,209,宮崎県,えびの市,宮崎県えびの市,市,九州
453412,45,341,宮崎県,三股町,宮崎県三股町,町,九州
453617,45,361,宮崎県,高原町,宮崎県高原町,町,九州
453820,45,382,宮崎県,国富町,宮崎県国富町,町,九州
453838,45,383,宮崎県,綾町,宮崎県綾町,町,九州
454010,45,401,宮崎県,高鍋町,宮崎県高鍋町,町,九州
454028,45,402,宮崎県,新富町,宮崎県新富町,町,九州
454036,45,403,宮崎県,西米良村,宮崎県西米良村,村,九州
454044,45,404,宮崎県,木城町,宮崎県木城町,町,九州
454052,45,405,宮崎県,川南町,宮崎県川南町,町,九州
454061,45,406,宮崎県,都農町,宮崎県都農町,町,九州
454214,45,421,宮崎県,門川町,宮崎県門川町,町,九州
454290,45,429,宮崎県,諸塚村,宮崎県諸塚村,村,九州
454303,45,430,宮崎県,椎葉村,宮崎県椎葉村,村,九州
454311,45,431,宮崎県,美郷町,宮崎県美郷町,町,九州
454419,45,441,宮崎県,高千穂町,宮崎県高千穂町,町,九州
454427,45,442,宮崎県,日之影町,宮崎県日之影町,町,九州
454435,45,443,宮崎県,五ヶ瀬町,宮崎県五ヶ瀬町,町,九州
460001,46,0,鹿児島県,,鹿児島県,都道府県,九州
462012,46,201,鹿児島県,鹿児島市,鹿児島県鹿児島市,市,九州
462039,46,203,鹿児島県,鹿屋市,鹿児島県鹿屋市,市,九州
462047,46,204,鹿児島県,枕崎市,鹿児島県枕崎市,市,九州
462063,46,206,鹿児島県,阿久根市,鹿児島県阿久根市,市,九州
462080,46,208,鹿児島県,出水市,鹿児島県出水市,市,九州
462101,46,210,鹿児島県,指宿市,鹿児島県指宿市,市,九州
462136,46,213,鹿児島県,西之表市,鹿児島県西之表市,市,九州
462144,46,214,鹿児島県,垂水市,鹿児島県垂水市,市,九州
462152,46,215,鹿児島県,薩摩川内市,鹿児島県薩摩川内市,市,九州
462161,46,216,鹿児島県,日置市,鹿児島県日置市,市,九州
462179,46,217,鹿児島県,曽於市,鹿児島県曽於市,市,九州
462187,46,218,鹿児島県,霧島市,鹿児島県霧島市,市,九州
462195,46,219,鹿児島県,いちき串木野市,鹿児島県いちき串木野市,市,九州
462209,46,220,鹿児島県,南さつま市,鹿児島県南さつま市,市,九州
462217,46,221,鹿児島県,志布志市,鹿児島県志布志市,市,九州
462225,46,222,鹿児島県,奄美市,鹿児島県奄美市,市,九州
462233,46,223,鹿児島県,南九州市,鹿児島県南九州市,市,九州
462241,46,224,鹿児島県,伊佐市,鹿児島県伊佐市,市,九州
462250,46,225,鹿児島県,姶良市,鹿児島県姶良市,市,九州
463035,46,303,鹿児島県,三島村,鹿児島県三島村,村,九州
463043,46,304,鹿児島県,十島村,鹿児島県十島村,村,九州
463922,46,392,鹿児島県,さつま町,鹿児島県さつま町,町,九州
464040,46,404,鹿児島県,長島町,鹿児島県長島町,町,九州
464520,46,452,鹿児島県,湧水町,鹿児島県湧水町,町,九州
464686,46,468,鹿児島県,大崎町,鹿児島県大崎町,町,九州
464821,46,482,鹿児島県,東串良町,鹿児島県東串良町,町,九州
464902,46,490,鹿児島県,錦江町,鹿児島県錦江町,町,九州
464911,46,491,鹿児島県,南大隅町,鹿児島県南大隅町,町,九州
464929,46,492,鹿児島県,肝付町,鹿児島県肝付町,町,九州
465011,46,501,鹿児島県,中種子町,鹿児島県中種子町,町,九州
465020,46,502,鹿児島県,南種子町,鹿児島県南種子町,町,九州
465054,46,505,鹿児島県,屋久島町,鹿児島県屋久島町,町,九州
465232,46,523,鹿児島県,大和村,鹿児島県大和村,村,九州
465241,46,524,鹿児島県,宇検村,鹿児島県宇検村,村,九州
465259,46,525,鹿児島県,瀬戸内町,鹿児島県瀬戸内町,町,九州
465275,46,527,鹿児島県,龍郷町,鹿児島県龍郷町,町,九州
465291,46,529,鹿児島県,喜界町,鹿児島県喜界町,町,九州
465305,46,530,鹿児島県,徳之島町,鹿児島県徳之島町,町,九州
465313,46,531,鹿児島県,天城町,鹿児島県天城町,町,九州
465321,46,532,鹿児島県,伊仙町,鹿児島県伊仙町,町,九州
465330,46,533,鹿児島県,和泊町,鹿児島県和泊町,町,九州
465348,46,534,鹿児島県,知名町,鹿児島県知名町,町,九州
465356,46,535,鹿児島県,与論町,鹿児島県与論町,町,九州
470007,47,0,沖縄県,,沖縄県,都道府県,九州
472018,47,201,沖縄県,那覇市,沖縄県那覇市,市,九州
472051,47,205,沖縄県,宜野湾市,沖縄県宜野湾市,市,九州
472077,47,207,沖縄県,石垣市,沖縄県石垣市,市,九州
472085,47,208,沖縄県,浦添市,沖縄県浦添市,市,九州
472093,47,209,沖縄県,名護市,沖縄県名護市,市,九州
472107,47,210,沖縄県,糸満市,沖縄県糸満市,市,九州
472115,47,211,沖縄県,沖縄市,沖縄県沖縄市,市,九州
472123,47,212,沖縄県,豊見城市,沖縄県豊見城市,市,九州
472131,47,213,沖縄県,うるま市,沖縄県うるま市,市,九州
472140,47,214,沖縄県,宮古島市,沖縄県宮古島市,市,九州
472158,47,215,沖縄県,南城市,沖縄県南城市,市,九州
473014,47,301,沖縄県,国頭村,沖縄県国頭村,村,九州
473022,47,302,沖縄県,大宜味村,沖縄県大宜味村,村,九州
473031,47,303,沖縄県,東村,沖縄県東村,村,九州
473065,47,306,沖縄県,今帰仁村,沖縄県今帰仁村,村,九州
473081,47,308,沖縄県,本部町,沖縄県本部町,町,九州
473111,47,311,沖縄県,恩納村,沖縄県恩納村,村,九州
473138,47,313,沖縄県,宜野座村,沖縄県宜野座村,村,九州
473146,47,314,沖縄県,金武町,沖縄県金武町,町,九州
473154,47,315,沖縄県,伊江村,沖縄県伊江村,村,九州
473243,47,324,沖縄県,読谷村,沖縄県読谷村,村,九州
473251,47,325,沖縄県,嘉手納町,沖縄県嘉手納町,町,九州
473260,47,326,沖縄県,北谷町,沖縄県北谷町,町,九州
473278,47,327,沖縄県,北中城村,沖縄県北中城村,村,九州
473286,47,328,沖縄県,中城村,沖縄県中城村,村,九州
473294,47,329,沖縄県,西原町,沖縄県西原町,町,九州
473481,47,348,沖縄県,与那原町,沖縄県与那原町,町,九州
473502,47,350,沖縄県,南風原町,沖縄県南風原町,町,九州
473537,47,353,沖縄県,渡嘉敷村,沖縄県渡嘉敷村,村,九州
473545,47,354,沖縄県,座間味村,沖縄県座間味村,村,九州
473553,47,355,沖縄県,粟国村,沖縄県粟国村,村,九州
473561,47,356,沖縄県,渡名喜村,沖縄県渡名喜村,村,九州
473570,47,357,沖縄県,南大東村,沖縄県南大東村,村,九州
473588,47,358,沖縄県,北大東村,沖縄県北大東村,村,九州
473596,47,359,沖縄県,伊平屋村,沖縄県伊平屋村,村,九州
473600,47,360,沖縄県,伊是名村,沖縄県伊是名村,村,九州
473618,47,361,沖縄県,久米島町,沖縄県久米島町,町,九州
473626,47,362,沖縄県,八重瀬町,沖縄県八重瀬町,町,九州
473758,47,375,沖縄県,多良間村,沖縄県多良間村,村,九州
473812,47,381,沖縄県,竹富町,沖縄県竹富町,町,九州
473821,47,382,沖縄県,与那国町,沖縄県与那国町,町,九州
